power_output_kw,hour,day_of_week,duration_mins
150.0,20,2,15.0
50.0,11,3,15.0
22.0,10,3,15.0
50.0,14,3,27.0
50.0,14,3,42.0
50.0,15,3,33.0
7.2,12,3,345.0
30.0,3,3,30.0
7.2,14,3,315.0
15.0,9,3,113.0
30.0,2,3,70.0
7.2,16,3,208.0
50.0,12,3,15.0
50.0,8,3,15.0
150.0,6,3,16.0
50.0,4,3,31.0
22.0,16,3,47.0
50.0,5,3,15.0
30.0,5,3,98.0
50.0,17,3,17.0
22.0,7,3,131.0
60.0,2,3,15.0
60.0,4,3,34.0
120.0,7,3,15.0
7.2,1,3,23.0
50.0,3,3,15.0
120.0,6,3,23.0
50.0,15,3,15.0
7.2,6,3,195.0
150.0,20,2,15.0
150.0,22,2,15.0
50.0,17,3,15.0
30.0,12,3,15.0
150.0,0,3,15.0
15.0,0,3,180.0
50.0,19,2,31.0
15.0,22,2,15.0
50.0,11,3,36.0
30.0,0,3,15.0
11.0,6,3,148.0
50.0,6,3,15.0
30.0,13,3,15.0
150.0,6,3,15.0
7.2,3,3,21.0
50.0,15,3,15.0
7.2,1,3,360.0
50.0,14,3,23.0
30.0,14,3,15.0
60.0,13,3,15.0
50.0,23,2,15.0
50.0,14,3,46.0
50.0,2,3,48.0
22.0,11,3,81.0
50.0,3,3,52.0
150.0,8,3,15.0
7.2,19,2,200.0
50.0,0,3,41.0
50.0,5,3,45.0
30.0,5,3,61.0
150.0,14,3,15.0
7.2,14,3,292.0
50.0,8,3,54.0
60.0,23,2,46.0
30.0,14,3,80.0
50.0,4,3,52.0
120.0,15,3,19.0
30.0,5,3,78.0
22.0,7,3,94.0
120.0,4,3,15.0
50.0,4,3,15.0
50.0,6,3,15.0
50.0,14,3,15.0
7.2,6,3,222.0
50.0,3,3,15.0
60.0,13,3,33.0
11.0,23,2,15.0
60.0,13,3,15.0
50.0,13,3,31.0
7.2,12,3,200.0
150.0,4,3,15.0
11.0,13,3,150.0
150.0,5,3,15.0
15.0,12,3,111.0
150.0,13,3,15.0
150.0,7,3,15.0
50.0,5,3,15.0
50.0,4,3,15.0
150.0,13,3,15.0
22.0,8,3,15.0
60.0,13,3,38.0
50.0,22,2,30.0
50.0,20,2,15.0
50.0,14,3,15.0
11.0,12,3,15.0
50.0,14,3,15.0
50.0,5,3,15.0
50.0,2,3,60.0
60.0,15,3,26.0
150.0,0,3,15.0
50.0,0,3,15.0
60.0,4,3,27.0
11.0,5,3,149.0
7.2,7,3,220.0
22.0,12,3,15.0
11.0,13,4,15.0
50.0,14,4,15.0
22.0,23,3,15.0
22.0,13,4,15.0
30.0,12,4,15.0
50.0,12,4,20.0
7.2,3,4,286.0
15.0,13,4,100.0
120.0,4,4,15.0
30.0,9,4,15.0
50.0,22,3,15.0
120.0,1,4,17.0
7.2,8,4,360.0
150.0,22,3,15.0
50.0,2,4,15.0
50.0,5,4,38.0
50.0,20,3,49.0
22.0,5,4,50.0
22.0,4,4,97.0
50.0,4,4,31.0
150.0,12,4,15.0
150.0,0,4,15.0
120.0,10,4,15.0
120.0,14,4,15.0
50.0,0,4,15.0
50.0,15,4,26.0
150.0,11,4,15.0
50.0,2,4,41.0
60.0,7,4,15.0
50.0,8,4,26.0
120.0,22,3,15.0
60.0,10,4,42.0
15.0,13,4,15.0
11.0,13,4,155.0
120.0,4,4,15.0
50.0,13,4,51.0
7.2,14,4,19.0
11.0,11,4,15.0
22.0,12,4,15.0
30.0,6,4,58.0
150.0,11,4,15.0
50.0,18,3,64.0
15.0,0,4,15.0
50.0,20,3,15.0
22.0,21,3,78.0
50.0,7,4,15.0
15.0,13,4,73.0
50.0,7,4,26.0
50.0,9,4,15.0
50.0,11,4,15.0
11.0,15,4,15.0
7.2,5,4,17.0
7.2,22,3,15.0
30.0,17,4,102.0
50.0,4,4,59.0
50.0,13,4,15.0
50.0,12,4,15.0
50.0,12,4,15.0
7.2,12,4,158.0
50.0,4,4,34.0
7.2,15,4,121.0
65.0,12,4,44.0
30.0,13,4,106.0
50.0,2,4,27.0
15.0,7,4,90.0
22.0,10,4,126.0
22.0,19,3,15.0
50.0,15,4,40.0
60.0,3,4,15.0
50.0,11,4,15.0
50.0,13,4,39.0
50.0,2,4,45.0
120.0,20,3,16.0
50.0,14,4,39.0
15.0,18,4,15.0
30.0,7,4,75.0
11.0,3,4,15.0
65.0,15,4,15.0
30.0,15,4,50.0
22.0,6,4,15.0
50.0,3,4,44.0
30.0,1,4,50.0
60.0,15,4,15.0
30.0,12,4,110.0
50.0,5,4,15.0
50.0,7,4,31.0
50.0,12,4,31.0
7.2,3,4,21.0
50.0,7,4,38.0
50.0,13,4,40.0
22.0,6,4,59.0
50.0,14,4,18.0
30.0,16,4,15.0
50.0,1,4,43.0
50.0,0,4,43.0
7.2,11,4,26.0
22.0,11,4,78.0
30.0,14,4,47.0
15.0,12,4,15.0
50.0,14,4,53.0
15.0,23,3,15.0
60.0,18,4,47.0
50.0,15,4,53.0
30.0,19,3,15.0
50.0,3,4,64.0
150.0,13,4,15.0
150.0,5,4,17.0
11.0,15,4,15.0
11.0,16,4,218.0
50.0,3,4,15.0
15.0,6,4,162.0
60.0,15,4,15.0
15.0,13,4,207.0
150.0,17,4,15.0
7.2,5,4,16.0
30.0,3,4,92.0
50.0,12,4,15.0
50.0,7,4,35.0
50.0,8,4,21.0
30.0,3,4,50.0
7.2,12,5,360.0
22.0,12,5,15.0
50.0,12,5,15.0
15.0,5,5,161.0
120.0,23,4,15.0
50.0,5,5,15.0
50.0,3,5,40.0
11.0,8,5,15.0
120.0,13,5,16.0
50.0,4,5,52.0
50.0,6,5,15.0
120.0,6,5,15.0
30.0,5,5,51.0
50.0,15,5,46.0
60.0,17,5,30.0
50.0,14,5,15.0
30.0,7,5,53.0
50.0,1,5,15.0
50.0,19,4,41.0
60.0,13,5,23.0
7.2,14,5,360.0
50.0,8,5,15.0
50.0,6,5,53.0
60.0,11,5,50.0
11.0,5,5,15.0
60.0,23,4,30.0
30.0,6,5,15.0
15.0,12,5,102.0
22.0,20,4,154.0
50.0,14,5,40.0
30.0,14,5,50.0
50.0,13,5,15.0
50.0,23,4,70.0
50.0,7,5,38.0
50.0,17,5,15.0
60.0,12,5,15.0
150.0,23,4,15.0
50.0,4,5,50.0
60.0,10,5,33.0
50.0,4,5,15.0
50.0,19,4,15.0
150.0,15,5,15.0
22.0,14,5,101.0
150.0,15,5,15.0
7.2,17,5,22.0
22.0,7,5,148.0
15.0,15,5,15.0
22.0,3,5,144.0
60.0,6,5,15.0
50.0,12,5,22.0
30.0,9,5,83.0
50.0,15,5,15.0
50.0,14,5,15.0
22.0,23,4,15.0
50.0,7,5,42.0
30.0,13,5,56.0
50.0,6,5,37.0
7.2,6,5,162.0
11.0,5,5,274.0
50.0,5,5,15.0
11.0,4,5,15.0
50.0,21,4,15.0
22.0,13,5,15.0
50.0,0,5,15.0
50.0,11,5,20.0
50.0,4,5,33.0
50.0,13,5,15.0
30.0,2,5,15.0
60.0,12,5,36.0
50.0,14,5,31.0
120.0,12,5,23.0
150.0,14,5,15.0
60.0,13,5,22.0
50.0,13,5,15.0
7.2,11,5,360.0
50.0,5,5,61.0
50.0,7,5,55.0
50.0,23,4,68.0
150.0,12,5,15.0
60.0,15,5,25.0
50.0,8,5,48.0
11.0,19,4,191.0
11.0,21,4,15.0
60.0,9,5,36.0
50.0,12,5,26.0
11.0,12,5,15.0
150.0,0,5,15.0
50.0,8,5,37.0
120.0,23,4,15.0
120.0,6,5,15.0
50.0,2,5,25.0
50.0,19,4,50.0
50.0,14,5,15.0
50.0,14,5,28.0
11.0,13,5,15.0
50.0,7,5,15.0
60.0,10,5,51.0
30.0,6,5,79.0
11.0,13,5,225.0
120.0,14,5,15.0
50.0,4,5,15.0
22.0,9,5,15.0
60.0,6,5,30.0
30.0,2,5,60.0
50.0,22,4,20.0
60.0,6,5,28.0
60.0,13,5,15.0
22.0,4,5,112.0
150.0,8,5,15.0
22.0,4,5,15.0
30.0,8,5,89.0
11.0,21,4,184.0
50.0,10,5,48.0
50.0,4,5,38.0
30.0,11,5,15.0
150.0,16,5,22.0
50.0,13,5,25.0
50.0,7,5,15.0
15.0,6,5,104.0
50.0,4,5,15.0
60.0,5,5,34.0
120.0,23,4,15.0
150.0,11,5,15.0
7.2,13,6,16.0
7.2,7,6,16.0
50.0,22,5,47.0
22.0,11,6,15.0
50.0,3,6,53.0
65.0,9,6,15.0
50.0,0,6,38.0
22.0,13,6,15.0
30.0,1,6,79.0
50.0,18,5,15.0
7.2,2,6,18.0
7.2,4,6,17.0
15.0,6,6,80.0
50.0,16,6,36.0
30.0,22,5,65.0
50.0,14,6,28.0
50.0,2,6,15.0
22.0,2,6,15.0
22.0,9,6,68.0
30.0,23,5,15.0
22.0,22,5,15.0
15.0,4,6,15.0
120.0,12,6,15.0
50.0,19,5,19.0
11.0,9,6,87.0
50.0,12,6,15.0
7.2,4,6,16.0
50.0,6,6,15.0
11.0,14,6,208.0
50.0,20,5,15.0
15.0,15,6,164.0
150.0,5,6,15.0
7.2,6,6,360.0
30.0,5,6,15.0
150.0,5,6,15.0
50.0,14,6,15.0
15.0,12,6,65.0
30.0,9,6,79.0
7.2,6,6,350.0
50.0,4,6,15.0
50.0,6,6,44.0
30.0,5,6,15.0
150.0,20,5,15.0
120.0,22,5,15.0
50.0,17,6,51.0
50.0,9,6,15.0
11.0,15,6,15.0
7.2,11,6,256.0
15.0,7,6,59.0
50.0,17,6,15.0
15.0,23,5,147.0
120.0,11,6,15.0
50.0,4,6,27.0
50.0,15,6,15.0
60.0,13,6,40.0
30.0,5,6,15.0
50.0,1,6,15.0
7.2,14,6,360.0
15.0,4,6,15.0
7.2,7,6,22.0
11.0,13,6,15.0
50.0,2,6,22.0
50.0,8,6,24.0
22.0,6,6,130.0
120.0,13,6,19.0
50.0,5,6,43.0
50.0,6,6,50.0
60.0,13,6,15.0
50.0,3,6,15.0
50.0,14,6,38.0
50.0,4,6,63.0
50.0,11,6,15.0
150.0,13,6,15.0
7.2,15,6,22.0
22.0,4,6,15.0
60.0,5,6,15.0
50.0,6,6,15.0
50.0,11,6,39.0
150.0,12,6,17.0
60.0,2,6,26.0
7.2,7,6,17.0
11.0,12,6,15.0
7.2,5,6,334.0
15.0,2,6,96.0
50.0,12,6,15.0
50.0,13,6,15.0
22.0,13,6,15.0
30.0,8,6,15.0
150.0,12,6,15.0
60.0,15,6,15.0
50.0,14,6,30.0
50.0,19,5,15.0
50.0,3,6,63.0
22.0,5,6,118.0
7.2,3,6,20.0
50.0,15,6,21.0
50.0,15,6,15.0
50.0,17,6,15.0
50.0,3,6,15.0
50.0,3,6,51.0
50.0,14,6,50.0
11.0,11,6,15.0
60.0,19,5,25.0
30.0,13,6,32.0
22.0,15,6,137.0
150.0,10,6,15.0
7.2,18,6,243.0
7.2,7,6,207.0
11.0,12,6,15.0
11.0,14,6,15.0
50.0,10,6,15.0
60.0,6,6,29.0
50.0,6,6,36.0
60.0,8,6,25.0
15.0,3,6,98.0
50.0,12,6,33.0
50.0,9,6,15.0
50.0,14,6,31.0
120.0,5,6,15.0
30.0,13,6,109.0
30.0,11,6,117.0
120.0,5,6,15.0
22.0,19,5,69.0
120.0,6,6,15.0
120.0,6,6,15.0
150.0,14,6,15.0
7.2,1,6,18.0
15.0,13,6,15.0
50.0,14,6,43.0
60.0,15,6,15.0
50.0,22,6,19.0
11.0,4,0,310.0
7.2,20,6,26.0
15.0,6,0,143.0
50.0,1,0,58.0
50.0,20,6,15.0
30.0,19,6,53.0
120.0,13,0,15.0
22.0,22,6,15.0
50.0,17,0,15.0
50.0,16,0,15.0
120.0,3,0,15.0
30.0,3,0,69.0
22.0,6,0,40.0
120.0,14,0,15.0
50.0,16,0,15.0
50.0,21,6,15.0
50.0,21,6,53.0
50.0,5,0,35.0
50.0,13,0,23.0
150.0,4,0,15.0
50.0,0,0,53.0
120.0,13,0,15.0
50.0,7,0,15.0
50.0,11,0,15.0
50.0,6,0,67.0
50.0,13,0,15.0
50.0,4,0,53.0
15.0,14,0,15.0
60.0,4,0,15.0
120.0,13,0,25.0
30.0,15,0,15.0
120.0,9,0,21.0
50.0,11,0,27.0
150.0,11,0,15.0
22.0,14,0,15.0
50.0,13,0,15.0
30.0,8,0,41.0
30.0,3,0,15.0
120.0,0,0,15.0
60.0,10,0,43.0
50.0,12,0,15.0
60.0,13,0,15.0
50.0,20,6,15.0
22.0,2,0,15.0
11.0,3,0,15.0
11.0,16,0,157.0
50.0,13,0,56.0
50.0,7,0,15.0
30.0,16,0,77.0
120.0,15,0,15.0
11.0,22,6,145.0
150.0,4,0,15.0
120.0,8,0,15.0
22.0,18,6,65.0
22.0,14,0,76.0
22.0,23,6,15.0
15.0,5,0,15.0
120.0,11,0,15.0
11.0,12,0,15.0
60.0,6,0,25.0
11.0,17,0,15.0
50.0,16,0,43.0
22.0,8,0,119.0
50.0,11,0,15.0
22.0,2,0,15.0
150.0,21,6,15.0
60.0,2,0,28.0
50.0,17,0,15.0
150.0,12,0,15.0
30.0,6,0,15.0
120.0,13,0,15.0
60.0,14,0,15.0
50.0,5,0,36.0
50.0,5,0,61.0
30.0,4,0,83.0
60.0,14,0,15.0
50.0,19,6,15.0
50.0,14,0,15.0
15.0,14,0,160.0
50.0,13,0,15.0
22.0,14,0,82.0
50.0,5,0,52.0
120.0,2,0,16.0
60.0,9,0,15.0
30.0,14,0,15.0
11.0,15,0,191.0
60.0,4,0,15.0
50.0,15,0,35.0
30.0,19,6,15.0
50.0,14,0,29.0
50.0,14,0,44.0
150.0,4,0,15.0
50.0,12,0,47.0
15.0,3,0,114.0
50.0,15,0,15.0
150.0,18,0,15.0
50.0,14,0,15.0
22.0,6,0,15.0
7.2,12,0,15.0
11.0,5,1,162.0
11.0,20,0,15.0
60.0,18,0,15.0
22.0,14,1,53.0
11.0,3,1,15.0
50.0,4,1,30.0
120.0,13,1,15.0
30.0,4,1,57.0
7.2,12,1,360.0
50.0,3,1,47.0
7.2,19,0,244.0
50.0,19,0,57.0
11.0,5,1,147.0
50.0,16,1,15.0
50.0,12,1,15.0
120.0,3,1,22.0
15.0,20,0,15.0
50.0,11,1,45.0
50.0,13,1,38.0
120.0,5,1,17.0
50.0,3,1,15.0
30.0,7,1,90.0
150.0,15,1,15.0
60.0,7,1,26.0
22.0,21,0,15.0
30.0,5,1,80.0
15.0,18,0,103.0
7.2,5,1,237.0
22.0,12,1,15.0
50.0,11,1,33.0
60.0,3,1,27.0
50.0,17,1,15.0
50.0,4,1,18.0
50.0,14,1,15.0
50.0,19,0,40.0
30.0,17,1,34.0
50.0,11,1,37.0
11.0,0,1,15.0
50.0,6,1,45.0
50.0,15,1,59.0
15.0,12,1,190.0
50.0,21,0,20.0
11.0,11,1,15.0
50.0,21,0,40.0
30.0,10,1,50.0
120.0,12,1,15.0
50.0,4,1,15.0
120.0,2,1,15.0
50.0,15,1,15.0
50.0,19,0,15.0
30.0,13,1,67.0
22.0,12,1,15.0
60.0,18,1,34.0
50.0,5,1,15.0
7.2,3,1,211.0
50.0,7,1,15.0
50.0,15,1,45.0
7.2,14,1,305.0
50.0,15,1,49.0
50.0,14,1,27.0
30.0,14,1,15.0
30.0,18,1,15.0
50.0,19,0,15.0
50.0,4,1,31.0
30.0,19,0,15.0
30.0,11,1,52.0
7.2,4,1,15.0
7.2,13,1,360.0
50.0,16,1,15.0
60.0,13,1,15.0
120.0,3,1,15.0
120.0,15,1,18.0
11.0,4,1,142.0
30.0,1,1,65.0
50.0,12,1,52.0
60.0,4,1,41.0
50.0,7,1,15.0
50.0,4,1,47.0
50.0,0,1,30.0
150.0,13,1,15.0
22.0,14,1,73.0
120.0,6,1,15.0
50.0,4,1,15.0
11.0,4,1,15.0
50.0,4,1,15.0
30.0,20,0,15.0
50.0,1,1,15.0
50.0,5,1,15.0
60.0,12,1,33.0
50.0,11,1,31.0
50.0,22,0,15.0
11.0,4,1,15.0
15.0,8,1,103.0
50.0,15,1,15.0
11.0,13,1,136.0
50.0,21,0,15.0
50.0,14,1,15.0
30.0,3,1,15.0
50.0,4,1,15.0
60.0,16,1,35.0
50.0,1,1,15.0
22.0,17,1,15.0
50.0,17,1,15.0
50.0,10,1,15.0
50.0,14,1,15.0
30.0,16,1,15.0
60.0,11,1,22.0
50.0,5,1,15.0
50.0,13,1,15.0
60.0,12,1,15.0
60.0,23,0,32.0
120.0,22,0,22.0
60.0,13,1,45.0
11.0,3,1,15.0
11.0,11,1,15.0
150.0,14,1,15.0
60.0,13,1,33.0
50.0,20,0,45.0
60.0,14,1,15.0
120.0,2,1,15.0
150.0,8,1,15.0
150.0,14,1,17.0
30.0,13,2,15.0
50.0,19,1,15.0
11.0,21,1,126.0
120.0,12,2,21.0
150.0,0,2,15.0
120.0,18,1,15.0
30.0,21,1,15.0
22.0,15,2,112.0
15.0,11,2,59.0
150.0,20,1,15.0
30.0,6,2,56.0
50.0,20,1,39.0
120.0,8,2,15.0
15.0,17,2,15.0
50.0,17,2,53.0
15.0,4,2,15.0
11.0,13,2,15.0
50.0,5,2,35.0
65.0,23,1,28.0
120.0,13,2,15.0
15.0,3,2,15.0
50.0,9,2,15.0
50.0,7,2,15.0
15.0,5,2,142.0
120.0,4,2,15.0
120.0,12,2,15.0
120.0,10,2,15.0
11.0,4,2,15.0
50.0,8,2,15.0
50.0,9,2,15.0
120.0,15,2,16.0
15.0,9,2,117.0
120.0,20,1,15.0
50.0,20,1,25.0
7.2,5,2,230.0
7.2,8,2,207.0
11.0,7,2,15.0
50.0,4,2,31.0
11.0,0,2,15.0
60.0,6,2,48.0
50.0,13,2,15.0
22.0,23,1,15.0
50.0,19,1,25.0
7.2,13,2,16.0
30.0,1,2,51.0
30.0,4,2,15.0
30.0,10,2,15.0
30.0,14,2,53.0
60.0,3,2,15.0
50.0,5,2,35.0
7.2,5,2,322.0
50.0,12,2,37.0
30.0,23,1,23.0
50.0,9,2,15.0
50.0,6,2,45.0
60.0,10,2,15.0
30.0,14,2,59.0
50.0,14,2,28.0
120.0,22,1,15.0
50.0,7,2,15.0
120.0,16,2,15.0
11.0,6,2,162.0
30.0,4,2,84.0
150.0,13,2,20.0
22.0,6,2,105.0
15.0,5,2,15.0
7.2,9,2,21.0
22.0,3,2,15.0
50.0,4,2,15.0
50.0,15,2,19.0
50.0,12,2,15.0
50.0,12,2,45.0
150.0,18,1,15.0
30.0,14,2,44.0
11.0,4,2,240.0
50.0,20,1,29.0
50.0,7,2,15.0
60.0,13,2,32.0
50.0,20,1,17.0
7.2,21,1,360.0
50.0,15,2,37.0
150.0,3,2,15.0
120.0,6,2,15.0
50.0,2,2,15.0
150.0,10,2,15.0
22.0,6,2,91.0
11.0,15,2,15.0
120.0,12,2,15.0
50.0,15,2,49.0
60.0,1,2,15.0
50.0,16,2,15.0
50.0,18,1,61.0
60.0,4,2,21.0
11.0,14,2,15.0
50.0,11,2,15.0
120.0,0,2,15.0
50.0,13,2,54.0
30.0,3,2,15.0
50.0,11,2,25.0
50.0,0,2,34.0
50.0,12,2,15.0
50.0,16,2,35.0
50.0,3,2,43.0
30.0,18,1,44.0
60.0,7,2,25.0
50.0,11,3,57.0
15.0,7,3,116.0
22.0,3,3,15.0
30.0,13,3,34.0
22.0,16,3,15.0
30.0,6,3,15.0
50.0,12,3,15.0
50.0,0,3,15.0
30.0,11,3,15.0
22.0,13,3,116.0
30.0,6,3,53.0
50.0,13,3,15.0
30.0,5,3,44.0
30.0,0,3,63.0
150.0,1,3,15.0
50.0,13,3,42.0
50.0,13,3,45.0
7.2,20,2,244.0
50.0,17,3,15.0
15.0,4,3,15.0
50.0,12,3,61.0
7.2,6,3,360.0
60.0,23,2,33.0
50.0,3,3,15.0
50.0,21,2,24.0
11.0,1,3,205.0
50.0,12,3,15.0
50.0,23,2,34.0
60.0,16,3,15.0
15.0,14,3,15.0
50.0,7,3,15.0
50.0,3,3,39.0
50.0,12,3,53.0
150.0,10,3,15.0
30.0,12,3,50.0
15.0,13,3,168.0
50.0,5,3,55.0
50.0,4,3,32.0
11.0,4,3,149.0
50.0,12,3,51.0
22.0,13,3,72.0
50.0,12,3,30.0
50.0,5,3,26.0
50.0,4,3,52.0
50.0,14,3,39.0
30.0,9,3,15.0
60.0,15,3,15.0
120.0,9,3,15.0
120.0,15,3,15.0
15.0,20,2,145.0
50.0,2,3,33.0
50.0,12,3,50.0
50.0,15,3,64.0
50.0,9,3,57.0
120.0,14,3,15.0
50.0,1,3,15.0
30.0,15,3,48.0
22.0,12,3,31.0
50.0,10,3,15.0
50.0,4,3,15.0
50.0,18,2,15.0
50.0,8,3,15.0
7.2,5,3,15.0
22.0,19,2,147.0
120.0,11,3,15.0
30.0,19,2,69.0
50.0,4,3,54.0
50.0,4,3,41.0
15.0,12,3,15.0
50.0,12,3,15.0
50.0,3,3,15.0
50.0,23,2,15.0
50.0,12,3,29.0
50.0,20,2,15.0
50.0,15,3,15.0
50.0,6,3,50.0
11.0,14,3,238.0
150.0,11,3,15.0
50.0,15,3,37.0
50.0,11,3,15.0
50.0,5,3,17.0
50.0,4,3,32.0
120.0,16,3,15.0
120.0,15,3,25.0
50.0,18,2,31.0
22.0,17,3,80.0
30.0,12,3,15.0
7.2,13,3,19.0
150.0,3,3,15.0
50.0,6,3,36.0
7.2,7,3,357.0
60.0,4,3,15.0
60.0,12,3,32.0
60.0,12,3,15.0
60.0,19,2,37.0
150.0,4,3,15.0
50.0,2,3,41.0
50.0,3,3,15.0
50.0,13,3,61.0
22.0,14,3,108.0
50.0,14,3,61.0
11.0,0,3,15.0
15.0,11,3,15.0
50.0,0,3,33.0
120.0,4,3,15.0
7.2,10,3,24.0
50.0,18,2,15.0
11.0,22,2,98.0
15.0,10,3,92.0
22.0,4,3,83.0
120.0,23,2,15.0
15.0,11,3,15.0
60.0,5,3,36.0
120.0,14,3,15.0
50.0,15,3,44.0
30.0,14,3,15.0
22.0,4,3,99.0
7.2,5,3,209.0
7.2,23,2,20.0
120.0,6,3,22.0
60.0,4,3,15.0
50.0,9,4,15.0
50.0,18,4,15.0
11.0,13,4,15.0
50.0,6,4,30.0
50.0,1,4,27.0
50.0,2,4,27.0
50.0,15,4,15.0
150.0,21,3,15.0
22.0,15,4,15.0
50.0,13,4,15.0
30.0,21,3,67.0
120.0,14,4,15.0
30.0,16,4,67.0
60.0,16,4,51.0
11.0,12,4,156.0
50.0,14,4,15.0
60.0,5,4,15.0
22.0,11,4,78.0
7.2,3,4,348.0
60.0,7,4,23.0
50.0,5,4,15.0
7.2,11,4,205.0
50.0,10,4,15.0
50.0,7,4,15.0
50.0,11,4,39.0
150.0,0,4,19.0
7.2,7,4,141.0
60.0,2,4,15.0
11.0,7,4,224.0
11.0,7,4,15.0
120.0,5,4,15.0
50.0,2,4,36.0
60.0,0,4,15.0
50.0,12,4,41.0
60.0,15,4,34.0
50.0,6,4,27.0
150.0,15,4,15.0
50.0,5,4,15.0
50.0,13,4,15.0
60.0,5,4,15.0
50.0,4,4,15.0
50.0,5,4,32.0
120.0,20,3,15.0
7.2,2,4,253.0
50.0,15,4,39.0
22.0,4,4,15.0
30.0,9,4,15.0
15.0,6,4,15.0
22.0,21,3,15.0
50.0,20,3,39.0
50.0,15,4,55.0
60.0,12,4,15.0
22.0,23,3,78.0
150.0,17,4,15.0
150.0,12,4,15.0
50.0,4,4,15.0
50.0,14,4,25.0
60.0,12,4,23.0
60.0,2,4,38.0
60.0,16,4,49.0
120.0,4,4,15.0
120.0,7,4,15.0
60.0,23,3,15.0
50.0,13,4,46.0
60.0,6,4,15.0
50.0,17,4,38.0
120.0,23,3,15.0
50.0,14,4,15.0
22.0,13,4,70.0
150.0,14,4,15.0
50.0,9,4,15.0
120.0,3,4,15.0
50.0,21,3,15.0
50.0,11,4,31.0
50.0,6,4,56.0
30.0,10,4,35.0
50.0,20,3,15.0
150.0,20,3,15.0
150.0,0,4,15.0
30.0,8,4,15.0
22.0,13,4,60.0
30.0,10,4,56.0
11.0,18,3,235.0
60.0,12,4,39.0
150.0,15,4,15.0
60.0,17,4,17.0
50.0,2,4,28.0
22.0,1,4,49.0
60.0,4,4,26.0
50.0,13,4,43.0
15.0,14,4,15.0
15.0,13,4,56.0
50.0,23,3,38.0
50.0,4,4,15.0
50.0,3,4,15.0
30.0,19,3,67.0
120.0,0,4,15.0
50.0,5,4,15.0
50.0,13,4,15.0
50.0,23,3,29.0
120.0,0,4,15.0
22.0,14,4,15.0
50.0,13,4,15.0
50.0,12,4,22.0
150.0,23,3,15.0
30.0,4,4,15.0
50.0,12,4,15.0
22.0,10,4,85.0
30.0,18,4,105.0
11.0,4,4,15.0
120.0,11,4,18.0
150.0,17,4,15.0
30.0,4,4,15.0
30.0,7,4,49.0
15.0,6,4,15.0
50.0,3,4,51.0
22.0,19,3,142.0
50.0,3,4,33.0
30.0,11,4,62.0
7.2,9,4,25.0
11.0,14,4,165.0
50.0,4,4,29.0
150.0,18,3,21.0
120.0,5,4,15.0
50.0,3,5,28.0
50.0,13,5,15.0
50.0,13,5,31.0
60.0,15,5,15.0
7.2,11,5,21.0
150.0,15,5,17.0
50.0,9,5,37.0
120.0,15,5,15.0
60.0,6,5,15.0
60.0,3,5,40.0
50.0,3,5,15.0
22.0,11,5,15.0
15.0,8,5,112.0
7.2,12,5,25.0
120.0,17,5,15.0
30.0,23,4,83.0
11.0,5,5,15.0
150.0,7,5,15.0
11.0,15,5,15.0
50.0,17,5,15.0
50.0,5,5,15.0
150.0,18,4,15.0
11.0,14,5,15.0
7.2,5,5,203.0
15.0,15,5,185.0
30.0,12,5,15.0
50.0,20,4,15.0
50.0,17,5,15.0
50.0,11,5,15.0
50.0,17,5,41.0
50.0,6,5,17.0
50.0,19,4,31.0
50.0,10,5,28.0
50.0,21,4,26.0
30.0,6,5,72.0
50.0,12,5,27.0
7.2,11,5,15.0
50.0,15,5,15.0
50.0,19,4,40.0
11.0,20,4,15.0
22.0,3,5,144.0
50.0,11,5,15.0
30.0,7,5,42.0
7.2,6,5,15.0
11.0,3,5,192.0
50.0,7,5,15.0
60.0,3,5,15.0
150.0,7,5,15.0
60.0,21,4,15.0
22.0,11,5,15.0
7.2,16,5,21.0
11.0,23,4,64.0
50.0,8,5,55.0
50.0,14,5,15.0
60.0,1,5,15.0
50.0,23,4,32.0
30.0,12,5,15.0
120.0,14,5,15.0
120.0,11,5,26.0
50.0,7,5,23.0
50.0,11,5,15.0
50.0,12,5,15.0
15.0,16,5,15.0
22.0,14,5,15.0
150.0,7,5,15.0
50.0,3,5,15.0
50.0,13,5,36.0
150.0,2,5,15.0
120.0,12,5,15.0
7.2,3,5,298.0
150.0,3,5,15.0
11.0,11,5,15.0
50.0,12,5,44.0
50.0,15,5,18.0
150.0,6,5,15.0
50.0,7,5,15.0
11.0,12,5,131.0
30.0,13,5,15.0
120.0,9,5,15.0
15.0,3,5,15.0
60.0,4,5,15.0
50.0,5,5,15.0
50.0,15,5,15.0
50.0,7,5,48.0
50.0,5,5,15.0
30.0,6,5,60.0
50.0,12,5,18.0
50.0,21,4,15.0
30.0,13,5,32.0
120.0,3,5,15.0
50.0,12,5,15.0
50.0,20,4,15.0
22.0,2,5,78.0
22.0,7,5,15.0
11.0,6,5,202.0
50.0,5,5,40.0
11.0,6,5,158.0
50.0,16,5,31.0
50.0,6,5,42.0
50.0,2,5,15.0
120.0,9,5,15.0
150.0,13,5,15.0
50.0,14,5,37.0
150.0,20,4,18.0
22.0,7,5,15.0
150.0,14,5,15.0
7.2,3,5,251.0
50.0,12,5,15.0
11.0,11,5,199.0
60.0,12,5,40.0
60.0,15,5,15.0
22.0,21,4,15.0
150.0,12,5,15.0
11.0,23,4,234.0
60.0,15,5,39.0
50.0,9,6,55.0
50.0,14,6,38.0
22.0,12,6,73.0
60.0,15,6,27.0
50.0,6,6,38.0
60.0,1,6,25.0
50.0,4,6,15.0
30.0,12,6,15.0
50.0,6,6,15.0
50.0,21,5,18.0
50.0,23,5,15.0
50.0,0,6,20.0
15.0,3,6,175.0
50.0,5,6,15.0
50.0,20,5,51.0
50.0,11,6,17.0
50.0,15,6,48.0
50.0,6,6,15.0
15.0,10,6,15.0
150.0,12,6,22.0
150.0,13,6,15.0
15.0,6,6,128.0
11.0,15,6,140.0
30.0,6,6,15.0
60.0,4,6,15.0
7.2,14,6,210.0
22.0,7,6,76.0
120.0,6,6,15.0
50.0,10,6,30.0
30.0,23,5,15.0
50.0,13,6,15.0
120.0,6,6,15.0
60.0,3,6,18.0
50.0,7,6,15.0
150.0,13,6,15.0
50.0,15,6,15.0
11.0,4,6,238.0
11.0,14,6,15.0
22.0,23,5,15.0
60.0,6,6,43.0
150.0,4,6,15.0
30.0,19,5,15.0
50.0,5,6,15.0
50.0,19,5,73.0
50.0,2,6,34.0
50.0,15,6,24.0
11.0,16,6,15.0
50.0,19,5,16.0
50.0,15,6,17.0
50.0,3,6,38.0
60.0,14,6,27.0
60.0,11,6,21.0
50.0,11,6,15.0
11.0,8,6,163.0
11.0,11,6,139.0
60.0,11,6,42.0
7.2,20,5,19.0
50.0,11,6,36.0
11.0,14,6,150.0
15.0,22,5,103.0
50.0,5,6,15.0
50.0,11,6,15.0
50.0,22,5,15.0
7.2,14,6,17.0
65.0,6,6,15.0
11.0,11,6,15.0
60.0,3,6,26.0
60.0,9,6,50.0
15.0,13,6,15.0
50.0,19,5,17.0
22.0,15,6,15.0
15.0,5,6,15.0
60.0,14,6,33.0
30.0,8,6,90.0
150.0,10,6,15.0
150.0,18,6,15.0
50.0,13,6,44.0
15.0,12,6,197.0
50.0,5,6,52.0
11.0,15,6,86.0
150.0,7,6,15.0
11.0,6,6,86.0
30.0,14,6,54.0
7.2,6,6,19.0
120.0,15,6,15.0
60.0,18,5,45.0
120.0,15,6,15.0
150.0,14,6,15.0
7.2,7,6,237.0
60.0,4,6,30.0
60.0,23,5,22.0
30.0,12,6,74.0
50.0,1,6,15.0
150.0,10,6,15.0
50.0,11,6,33.0
11.0,12,6,143.0
50.0,18,5,15.0
11.0,14,6,208.0
60.0,4,6,15.0
15.0,13,6,15.0
150.0,5,6,15.0
60.0,6,6,21.0
50.0,4,6,15.0
15.0,5,6,103.0
15.0,21,5,94.0
30.0,11,6,78.0
60.0,11,6,41.0
50.0,11,6,37.0
50.0,9,6,15.0
50.0,4,6,15.0
7.2,13,6,360.0
11.0,7,6,219.0
50.0,14,6,15.0
50.0,14,0,15.0
11.0,14,0,213.0
30.0,6,0,105.0
50.0,19,6,31.0
150.0,16,0,15.0
60.0,22,6,15.0
30.0,12,0,57.0
30.0,1,0,15.0
50.0,10,0,19.0
50.0,7,0,15.0
50.0,4,0,30.0
50.0,19,6,15.0
60.0,23,6,15.0
30.0,6,0,15.0
22.0,14,0,66.0
50.0,19,6,22.0
11.0,14,0,16.0
50.0,15,0,36.0
50.0,15,0,15.0
15.0,14,0,15.0
22.0,19,6,51.0
60.0,15,0,30.0
150.0,9,0,15.0
50.0,6,0,26.0
50.0,1,0,15.0
15.0,13,0,163.0
50.0,5,0,15.0
60.0,19,6,33.0
60.0,14,0,45.0
60.0,12,0,36.0
50.0,5,0,30.0
60.0,7,0,24.0
15.0,5,0,15.0
30.0,4,0,15.0
30.0,18,6,15.0
150.0,19,6,15.0
7.2,6,0,309.0
22.0,2,0,15.0
50.0,10,0,15.0
22.0,11,0,15.0
11.0,0,0,15.0
15.0,2,0,150.0
60.0,13,0,15.0
50.0,1,0,33.0
7.2,8,0,21.0
15.0,1,0,68.0
30.0,9,0,15.0
11.0,2,0,286.0
50.0,19,6,27.0
50.0,13,0,29.0
50.0,4,0,23.0
30.0,20,6,15.0
50.0,4,0,15.0
50.0,4,0,15.0
22.0,14,0,15.0
22.0,6,0,15.0
15.0,13,0,15.0
60.0,12,0,45.0
22.0,3,0,91.0
15.0,12,0,15.0
50.0,22,6,15.0
50.0,6,0,30.0
50.0,6,0,15.0
120.0,4,0,15.0
22.0,13,0,71.0
50.0,7,0,15.0
150.0,4,0,15.0
50.0,13,0,32.0
50.0,4,0,15.0
60.0,4,0,36.0
50.0,4,0,25.0
120.0,13,0,18.0
30.0,14,0,55.0
50.0,3,0,48.0
15.0,18,0,94.0
50.0,6,0,20.0
30.0,11,0,85.0
120.0,20,6,22.0
50.0,0,0,47.0
30.0,4,0,77.0
22.0,3,0,15.0
7.2,3,0,16.0
50.0,0,0,20.0
120.0,4,0,15.0
50.0,6,0,33.0
50.0,21,6,15.0
22.0,4,0,15.0
50.0,16,0,19.0
50.0,12,0,15.0
150.0,6,0,15.0
50.0,5,0,60.0
50.0,18,6,60.0
60.0,21,6,15.0
15.0,17,0,104.0
50.0,6,0,15.0
50.0,3,0,73.0
50.0,3,0,33.0
60.0,3,0,33.0
50.0,15,0,15.0
22.0,13,0,15.0
22.0,12,0,100.0
150.0,10,0,15.0
50.0,10,0,36.0
50.0,6,0,33.0
50.0,6,0,15.0
50.0,13,0,37.0
15.0,4,0,192.0
50.0,7,0,15.0
50.0,22,6,15.0
50.0,23,6,15.0
15.0,13,0,15.0
30.0,15,0,65.0
50.0,10,0,15.0
50.0,10,0,38.0
30.0,5,0,15.0
50.0,16,0,15.0
50.0,6,0,15.0
50.0,22,6,29.0
50.0,5,0,15.0
15.0,13,1,153.0
120.0,7,1,15.0
120.0,12,1,15.0
11.0,14,1,206.0
60.0,7,1,15.0
50.0,14,1,15.0
50.0,5,1,19.0
50.0,6,1,53.0
22.0,0,1,110.0
60.0,6,1,15.0
50.0,22,0,15.0
50.0,4,1,44.0
22.0,15,1,15.0
50.0,7,1,32.0
50.0,18,1,28.0
50.0,17,1,15.0
11.0,6,1,200.0
7.2,14,1,23.0
11.0,15,1,15.0
11.0,15,1,187.0
120.0,14,1,15.0
11.0,12,1,15.0
50.0,6,1,60.0
30.0,7,1,51.0
22.0,13,1,103.0
22.0,11,1,89.0
150.0,5,1,15.0
50.0,14,1,36.0
120.0,6,1,28.0
50.0,17,1,15.0
150.0,11,1,15.0
150.0,18,0,15.0
22.0,3,1,15.0
30.0,9,1,68.0
50.0,12,1,15.0
50.0,20,0,61.0
11.0,12,1,328.0
50.0,11,1,15.0
30.0,17,1,82.0
150.0,12,1,15.0
11.0,4,1,73.0
120.0,8,1,15.0
50.0,16,1,15.0
50.0,19,0,15.0
60.0,12,1,15.0
7.2,8,1,21.0
150.0,6,1,15.0
30.0,14,1,15.0
65.0,13,1,44.0
50.0,9,1,15.0
60.0,4,1,32.0
60.0,14,1,15.0
50.0,16,1,41.0
22.0,10,1,89.0
50.0,12,1,35.0
50.0,13,1,15.0
22.0,9,1,72.0
11.0,15,1,15.0
22.0,6,1,15.0
50.0,12,1,15.0
50.0,3,1,15.0
60.0,6,1,38.0
22.0,5,1,107.0
50.0,15,1,47.0
11.0,10,1,15.0
50.0,15,1,29.0
60.0,7,1,20.0
15.0,11,1,97.0
30.0,14,1,86.0
30.0,1,1,45.0
50.0,4,1,45.0
7.2,6,1,320.0
11.0,6,1,15.0
50.0,11,1,21.0
50.0,12,1,56.0
50.0,14,1,15.0
30.0,22,0,62.0
50.0,9,1,56.0
30.0,13,1,112.0
50.0,7,1,15.0
60.0,22,0,15.0
15.0,19,0,15.0
50.0,17,1,15.0
60.0,14,1,15.0
7.2,12,1,344.0
50.0,11,1,15.0
50.0,20,0,15.0
50.0,7,1,47.0
50.0,12,1,22.0
50.0,13,1,15.0
60.0,12,1,15.0
150.0,12,1,15.0
50.0,21,0,15.0
15.0,5,1,15.0
15.0,7,1,15.0
150.0,12,1,15.0
120.0,4,1,15.0
50.0,5,1,15.0
60.0,12,1,15.0
11.0,5,1,266.0
15.0,13,1,15.0
11.0,11,1,84.0
15.0,7,1,15.0
50.0,13,1,27.0
15.0,13,2,224.0
30.0,16,2,84.0
50.0,12,2,34.0
7.2,13,2,184.0
11.0,6,2,15.0
50.0,5,2,15.0
120.0,15,2,15.0
50.0,3,2,15.0
11.0,3,2,15.0
60.0,3,2,58.0
50.0,11,2,49.0
50.0,7,2,42.0
15.0,1,2,124.0
50.0,2,2,41.0
50.0,9,2,15.0
7.2,0,2,120.0
50.0,5,2,15.0
22.0,12,2,95.0
30.0,5,2,15.0
50.0,17,2,59.0
15.0,14,2,110.0
50.0,11,2,15.0
22.0,22,1,82.0
50.0,13,2,15.0
60.0,15,2,15.0
120.0,7,2,24.0
30.0,4,2,15.0
7.2,14,2,20.0
60.0,5,2,42.0
50.0,12,2,15.0
11.0,17,2,15.0
15.0,4,2,55.0
50.0,4,2,15.0
60.0,12,2,38.0
50.0,10,2,28.0
50.0,12,2,30.0
50.0,13,2,69.0
50.0,1,2,15.0
22.0,15,2,15.0
50.0,9,2,49.0
30.0,2,2,88.0
50.0,6,2,27.0
11.0,14,2,15.0
60.0,14,2,15.0
60.0,15,2,15.0
150.0,14,2,15.0
15.0,3,2,114.0
22.0,15,2,15.0
50.0,12,2,41.0
50.0,15,2,15.0
7.2,13,2,257.0
15.0,19,1,60.0
30.0,3,2,66.0
50.0,14,2,15.0
50.0,5,2,15.0
30.0,4,2,15.0
30.0,5,2,47.0
50.0,11,2,15.0
60.0,3,2,26.0
50.0,7,2,33.0
22.0,5,2,34.0
50.0,2,2,51.0
50.0,7,2,15.0
120.0,3,2,15.0
50.0,21,1,15.0
50.0,4,2,15.0
50.0,3,2,15.0
22.0,14,2,85.0
50.0,14,2,31.0
11.0,6,2,15.0
65.0,4,2,15.0
30.0,4,2,15.0
150.0,12,2,15.0
120.0,7,2,15.0
50.0,5,2,54.0
60.0,13,2,35.0
50.0,3,2,15.0
50.0,11,2,29.0
120.0,13,2,15.0
11.0,20,1,135.0
50.0,12,2,45.0
50.0,5,2,53.0
150.0,5,2,15.0
50.0,22,1,55.0
50.0,12,2,27.0
50.0,16,2,26.0
50.0,22,1,29.0
50.0,12,2,18.0
50.0,7,2,26.0
7.2,6,2,17.0
7.2,12,2,25.0
150.0,4,2,15.0
50.0,4,2,15.0
22.0,5,2,54.0
60.0,3,2,28.0
60.0,12,2,15.0
120.0,11,2,19.0
15.0,3,2,15.0
50.0,3,2,15.0
7.2,12,2,264.0
30.0,14,2,15.0
15.0,5,2,92.0
50.0,13,2,15.0
30.0,12,2,54.0
150.0,7,2,20.0
50.0,15,2,37.0
150.0,6,2,15.0
15.0,21,1,82.0
150.0,5,2,15.0
15.0,19,1,155.0
7.2,6,2,17.0
22.0,12,2,45.0
30.0,6,2,82.0
60.0,3,2,24.0
120.0,11,2,25.0
7.2,7,2,20.0
7.2,6,2,319.0
50.0,11,3,15.0
60.0,12,3,15.0
50.0,18,2,15.0
50.0,11,3,30.0
15.0,7,3,110.0
15.0,13,3,130.0
50.0,11,3,70.0
50.0,5,3,15.0
30.0,7,3,15.0
60.0,16,3,15.0
50.0,11,3,27.0
30.0,4,3,15.0
120.0,18,3,23.0
150.0,7,3,15.0
50.0,14,3,54.0
22.0,4,3,15.0
50.0,19,2,18.0
150.0,16,3,15.0
22.0,12,3,57.0
30.0,7,3,78.0
30.0,7,3,15.0
7.2,14,3,19.0
50.0,12,3,25.0
50.0,22,2,19.0
60.0,4,3,15.0
60.0,1,3,24.0
7.2,1,3,18.0
50.0,12,3,15.0
50.0,21,2,33.0
11.0,8,3,15.0
50.0,4,3,34.0
150.0,7,3,15.0
11.0,6,3,189.0
50.0,14,3,63.0
11.0,7,3,15.0
50.0,7,3,31.0
60.0,7,3,15.0
30.0,12,3,15.0
50.0,15,3,16.0
50.0,3,3,25.0
120.0,12,3,16.0
50.0,8,3,28.0
50.0,3,3,29.0
60.0,4,3,15.0
60.0,12,3,15.0
50.0,3,3,15.0
22.0,5,3,55.0
120.0,11,3,17.0
50.0,7,3,15.0
15.0,12,3,63.0
11.0,7,3,140.0
50.0,13,3,15.0
60.0,4,3,16.0
30.0,12,3,57.0
60.0,6,3,15.0
120.0,6,3,15.0
65.0,14,3,26.0
50.0,5,3,15.0
60.0,12,3,15.0
15.0,0,3,15.0
50.0,4,3,23.0
22.0,9,3,78.0
11.0,10,3,233.0
50.0,14,3,41.0
50.0,7,3,69.0
150.0,6,3,15.0
7.2,4,3,206.0
50.0,14,3,15.0
11.0,13,3,15.0
15.0,9,3,15.0
50.0,11,3,32.0
30.0,19,2,15.0
150.0,10,3,15.0
50.0,4,3,15.0
50.0,17,3,42.0
11.0,11,3,160.0
50.0,1,3,15.0
22.0,7,3,148.0
30.0,11,3,46.0
30.0,5,3,59.0
50.0,0,3,51.0
50.0,6,3,62.0
120.0,0,3,21.0
50.0,15,3,43.0
50.0,11,3,15.0
30.0,13,3,90.0
15.0,12,3,15.0
60.0,14,3,15.0
7.2,12,3,305.0
120.0,12,3,15.0
120.0,5,3,15.0
50.0,4,3,57.0
60.0,7,3,15.0
120.0,4,3,15.0
22.0,19,2,15.0
50.0,11,3,51.0
22.0,4,3,75.0
11.0,13,3,301.0
50.0,19,2,31.0
60.0,5,3,15.0
60.0,10,3,15.0
50.0,6,3,30.0
60.0,4,3,25.0
65.0,4,3,15.0
15.0,7,3,15.0
50.0,8,3,30.0
15.0,12,3,15.0
50.0,10,3,15.0
50.0,12,3,15.0
120.0,12,3,19.0
60.0,4,3,37.0
120.0,13,3,15.0
30.0,14,3,15.0
30.0,3,3,30.0
50.0,15,3,52.0
11.0,14,3,15.0
50.0,15,3,15.0
50.0,14,3,15.0
50.0,13,3,35.0
50.0,2,3,15.0
11.0,15,3,157.0
50.0,11,3,31.0
7.2,15,3,334.0
50.0,12,3,46.0
150.0,15,3,18.0
60.0,23,2,32.0
50.0,3,3,45.0
50.0,0,3,15.0
30.0,13,3,45.0
50.0,6,4,33.0
22.0,14,4,128.0
120.0,12,4,15.0
120.0,12,4,15.0
50.0,3,4,31.0
50.0,6,4,31.0
30.0,14,4,46.0
60.0,15,4,15.0
150.0,6,4,15.0
50.0,6,4,48.0
60.0,4,4,41.0
50.0,5,4,63.0
22.0,9,4,93.0
50.0,7,4,15.0
7.2,6,4,116.0
60.0,13,4,28.0
50.0,19,3,44.0
50.0,6,4,15.0
7.2,15,4,21.0
50.0,12,4,15.0
50.0,15,4,15.0
30.0,15,4,15.0
50.0,6,4,15.0
150.0,15,4,15.0
50.0,14,4,15.0
50.0,0,4,15.0
50.0,10,4,44.0
50.0,14,4,23.0
50.0,14,4,24.0
50.0,12,4,30.0
11.0,4,4,247.0
30.0,5,4,15.0
120.0,15,4,26.0
30.0,8,4,15.0
7.2,22,3,200.0
50.0,14,4,46.0
60.0,16,4,26.0
30.0,11,4,15.0
7.2,4,4,259.0
7.2,13,4,351.0
7.2,4,4,16.0
50.0,20,3,38.0
11.0,18,4,15.0
50.0,1,4,15.0
60.0,5,4,19.0
50.0,7,4,15.0
150.0,5,4,15.0
50.0,8,4,15.0
30.0,5,4,58.0
120.0,4,4,22.0
50.0,12,4,15.0
11.0,9,4,15.0
120.0,15,4,15.0
30.0,23,3,60.0
120.0,6,4,15.0
7.2,12,4,211.0
50.0,13,4,15.0
30.0,16,4,38.0
150.0,6,4,21.0
65.0,13,4,41.0
11.0,6,4,120.0
50.0,13,4,15.0
11.0,2,4,15.0
30.0,3,4,15.0
150.0,8,4,17.0
30.0,12,4,80.0
50.0,14,4,15.0
60.0,6,4,26.0
150.0,13,4,15.0
50.0,23,3,24.0
50.0,4,4,29.0
150.0,13,4,15.0
22.0,8,4,15.0
50.0,3,4,48.0
120.0,6,4,21.0
11.0,4,4,15.0
15.0,15,4,15.0
30.0,6,4,60.0
60.0,10,4,15.0
50.0,14,4,49.0
50.0,2,4,45.0
120.0,15,4,15.0
50.0,4,4,48.0
11.0,10,4,16.0
120.0,5,4,28.0
50.0,13,4,15.0
30.0,4,4,49.0
60.0,16,4,29.0
50.0,4,4,53.0
11.0,21,3,15.0
65.0,11,4,27.0
150.0,12,4,19.0
22.0,3,4,32.0
30.0,6,4,15.0
50.0,14,4,50.0
30.0,4,4,54.0
22.0,15,4,75.0
50.0,6,4,15.0
50.0,12,4,15.0
50.0,12,4,15.0
15.0,13,4,187.0
120.0,0,4,15.0
22.0,13,4,134.0
30.0,12,4,97.0
50.0,9,4,56.0
50.0,5,4,32.0
30.0,9,4,74.0
50.0,2,4,15.0
120.0,6,4,15.0
15.0,10,4,116.0
150.0,11,4,15.0
150.0,16,4,15.0
50.0,14,4,15.0
30.0,11,4,41.0
60.0,4,5,15.0
120.0,19,4,15.0
50.0,11,5,17.0
60.0,4,5,32.0
50.0,12,5,15.0
50.0,4,5,51.0
7.2,7,5,358.0
22.0,0,5,15.0
30.0,13,5,15.0
15.0,11,5,99.0
22.0,0,5,73.0
60.0,5,5,44.0
22.0,0,5,105.0
50.0,5,5,15.0
120.0,3,5,15.0
22.0,15,5,15.0
120.0,13,5,15.0
50.0,15,5,33.0
30.0,15,5,15.0
150.0,15,5,15.0
150.0,13,5,15.0
50.0,12,5,15.0
30.0,7,5,47.0
15.0,12,5,175.0
50.0,15,5,15.0
50.0,17,5,62.0
50.0,14,5,55.0
60.0,4,5,52.0
50.0,5,5,54.0
50.0,13,5,15.0
60.0,17,5,15.0
150.0,4,5,15.0
60.0,8,5,15.0
50.0,8,5,66.0
120.0,5,5,15.0
7.2,6,5,17.0
60.0,23,4,27.0
60.0,15,5,17.0
11.0,14,5,183.0
50.0,13,5,15.0
30.0,11,5,48.0
50.0,14,5,29.0
7.2,4,5,243.0
60.0,22,4,15.0
22.0,11,5,80.0
50.0,19,4,15.0
50.0,6,5,32.0
120.0,6,5,15.0
50.0,15,5,50.0
15.0,14,5,15.0
50.0,23,4,15.0
50.0,4,5,24.0
50.0,8,5,36.0
50.0,14,5,32.0
50.0,4,5,60.0
15.0,6,5,15.0
50.0,18,5,56.0
22.0,13,5,153.0
50.0,5,5,37.0
50.0,5,5,15.0
30.0,0,5,70.0
120.0,11,5,15.0
120.0,6,5,15.0
22.0,20,4,94.0
50.0,8,5,15.0
50.0,11,5,45.0
30.0,4,5,68.0
50.0,7,5,36.0
22.0,12,5,71.0
50.0,13,5,15.0
60.0,11,5,42.0
50.0,15,5,15.0
50.0,6,5,15.0
120.0,15,5,15.0
150.0,8,5,15.0
50.0,4,5,25.0
60.0,14,5,15.0
60.0,10,5,19.0
50.0,12,5,37.0
30.0,12,5,15.0
7.2,16,5,23.0
150.0,13,5,15.0
7.2,4,5,169.0
120.0,4,5,19.0
50.0,13,5,15.0
120.0,5,5,15.0
15.0,11,5,145.0
50.0,4,5,32.0
30.0,3,5,15.0
50.0,12,5,15.0
50.0,11,5,49.0
50.0,14,5,44.0
50.0,4,5,15.0
50.0,1,5,35.0
30.0,5,5,45.0
50.0,4,5,51.0
50.0,7,5,23.0
120.0,23,4,15.0
50.0,13,5,15.0
50.0,3,5,44.0
50.0,16,5,20.0
50.0,17,5,45.0
30.0,2,5,41.0
60.0,14,5,15.0
7.2,16,5,360.0
50.0,19,4,24.0
50.0,4,5,37.0
60.0,11,5,15.0
11.0,6,5,244.0
60.0,17,5,46.0
50.0,12,5,15.0
50.0,4,5,15.0
150.0,19,4,19.0
120.0,5,5,15.0
30.0,6,5,15.0
11.0,6,5,15.0
50.0,6,5,15.0
22.0,0,5,15.0
50.0,14,5,15.0
7.2,2,5,197.0
30.0,4,5,84.0
30.0,5,5,15.0
120.0,5,5,15.0
50.0,12,6,15.0
50.0,11,6,37.0
50.0,18,5,15.0
60.0,12,6,15.0
150.0,10,6,15.0
30.0,15,6,15.0
50.0,7,6,15.0
150.0,14,6,15.0
120.0,23,5,19.0
15.0,8,6,98.0
22.0,16,6,143.0
7.2,14,6,327.0
120.0,15,6,15.0
50.0,9,6,30.0
60.0,12,6,32.0
30.0,6,6,15.0
30.0,11,6,15.0
120.0,13,6,15.0
50.0,12,6,15.0
50.0,19,5,32.0
150.0,7,6,15.0
50.0,12,6,45.0
7.2,2,6,20.0
11.0,13,6,174.0
150.0,6,6,15.0
30.0,11,6,52.0
11.0,4,6,15.0
7.2,12,6,16.0
30.0,17,6,54.0
7.2,6,6,268.0
50.0,12,6,54.0
60.0,5,6,15.0
50.0,8,6,49.0
22.0,5,6,15.0
50.0,12,6,15.0
60.0,12,6,27.0
30.0,13,6,15.0
120.0,17,6,15.0
11.0,4,6,156.0
50.0,3,6,15.0
50.0,15,6,15.0
7.2,20,5,18.0
120.0,6,6,15.0
50.0,6,6,32.0
50.0,14,6,15.0
22.0,19,5,15.0
150.0,18,6,15.0
60.0,17,6,21.0
11.0,13,6,71.0
60.0,7,6,15.0
50.0,14,6,15.0
50.0,14,6,15.0
11.0,12,6,194.0
7.2,12,6,25.0
7.2,5,6,149.0
50.0,18,6,42.0
7.2,5,6,214.0
50.0,4,6,15.0
65.0,6,6,29.0
7.2,9,6,316.0
50.0,13,6,15.0
50.0,13,6,25.0
50.0,12,6,67.0
7.2,6,6,16.0
50.0,13,6,15.0
7.2,13,6,25.0
15.0,7,6,15.0
15.0,6,6,15.0
7.2,1,6,16.0
11.0,11,6,258.0
50.0,7,6,28.0
60.0,13,6,28.0
50.0,20,5,15.0
50.0,15,6,15.0
120.0,15,6,15.0
150.0,15,6,15.0
7.2,14,6,23.0
150.0,12,6,15.0
60.0,5,6,49.0
120.0,23,5,15.0
50.0,12,6,15.0
60.0,5,6,15.0
22.0,13,6,15.0
22.0,1,6,68.0
11.0,19,5,15.0
120.0,13,6,17.0
50.0,4,6,15.0
120.0,0,6,15.0
150.0,4,6,19.0
50.0,0,6,28.0
50.0,6,6,56.0
50.0,5,6,42.0
15.0,11,6,15.0
7.2,18,5,20.0
22.0,22,5,125.0
50.0,14,6,15.0
22.0,4,6,80.0
7.2,4,6,22.0
120.0,14,6,24.0
50.0,14,6,33.0
60.0,11,6,15.0
50.0,4,6,15.0
150.0,3,6,15.0
150.0,5,6,18.0
11.0,1,6,241.0
60.0,5,6,47.0
150.0,14,6,15.0
50.0,19,5,44.0
60.0,17,6,15.0
50.0,13,6,38.0
11.0,7,6,163.0
30.0,15,6,15.0
50.0,12,6,15.0
60.0,7,6,28.0
11.0,14,0,16.0
7.2,6,0,17.0
150.0,0,0,15.0
50.0,5,0,70.0
50.0,19,6,53.0
7.2,11,0,360.0
50.0,5,0,48.0
50.0,14,0,22.0
50.0,5,0,15.0
50.0,8,0,15.0
50.0,2,0,35.0
120.0,15,0,15.0
150.0,15,0,19.0
120.0,14,0,15.0
120.0,7,0,15.0
50.0,2,0,15.0
150.0,7,0,15.0
120.0,7,0,15.0
120.0,13,0,15.0
50.0,6,0,38.0
7.2,16,0,170.0
30.0,4,0,42.0
150.0,10,0,15.0
50.0,12,0,52.0
150.0,14,0,15.0
120.0,4,0,15.0
50.0,13,0,44.0
22.0,4,0,15.0
7.2,6,0,16.0
50.0,12,0,15.0
60.0,13,0,15.0
50.0,14,0,30.0
50.0,4,0,15.0
7.2,14,0,286.0
150.0,12,0,15.0
30.0,13,0,53.0
22.0,1,0,15.0
22.0,15,0,37.0
60.0,12,0,31.0
30.0,13,0,65.0
50.0,12,0,31.0
50.0,14,0,15.0
60.0,0,0,24.0
120.0,13,0,15.0
7.2,8,0,184.0
30.0,20,6,29.0
15.0,13,0,15.0
22.0,6,0,53.0
50.0,13,0,15.0
30.0,10,0,15.0
50.0,13,0,15.0
50.0,22,6,61.0
120.0,7,0,15.0
22.0,5,0,15.0
60.0,5,0,15.0
11.0,13,0,238.0
30.0,18,0,65.0
50.0,14,0,33.0
50.0,13,0,32.0
30.0,3,0,112.0
120.0,7,0,15.0
11.0,22,6,178.0
22.0,14,0,109.0
11.0,6,0,126.0
50.0,15,0,15.0
50.0,12,0,15.0
50.0,11,0,21.0
50.0,5,0,15.0
50.0,10,0,29.0
30.0,13,0,15.0
7.2,4,0,22.0
15.0,0,0,160.0
30.0,4,0,65.0
30.0,12,0,15.0
60.0,2,0,37.0
50.0,21,6,36.0
50.0,5,0,15.0
50.0,5,0,39.0
11.0,4,0,15.0
50.0,21,6,15.0
50.0,23,6,30.0
15.0,5,0,115.0
50.0,20,6,15.0
60.0,14,0,15.0
60.0,20,6,23.0
150.0,2,0,15.0
22.0,9,0,61.0
50.0,1,0,56.0
150.0,5,0,15.0
22.0,14,0,15.0
50.0,6,0,34.0
30.0,14,0,15.0
60.0,13,0,15.0
50.0,9,0,15.0
50.0,6,0,30.0
50.0,0,0,40.0
30.0,15,0,49.0
7.2,11,0,198.0
50.0,23,6,15.0
15.0,5,0,15.0
15.0,10,0,119.0
22.0,15,0,15.0
150.0,16,0,15.0
7.2,13,0,15.0
22.0,4,0,15.0
50.0,3,0,62.0
50.0,5,0,33.0
30.0,0,0,95.0
50.0,10,0,15.0
50.0,12,0,19.0
50.0,6,0,55.0
50.0,4,0,37.0
50.0,15,0,48.0
50.0,11,0,15.0
60.0,5,0,15.0
11.0,12,0,149.0
120.0,4,0,15.0
120.0,13,0,15.0
60.0,15,0,15.0
120.0,7,0,28.0
50.0,13,0,15.0
50.0,11,0,54.0
11.0,15,0,134.0
150.0,4,0,15.0
30.0,15,0,56.0
50.0,17,0,15.0
50.0,13,0,59.0
120.0,4,1,15.0
50.0,15,1,21.0
30.0,2,1,15.0
50.0,1,1,15.0
120.0,13,1,15.0
7.2,5,1,168.0
22.0,14,1,15.0
50.0,4,1,31.0
30.0,12,1,34.0
60.0,13,1,15.0
60.0,21,0,36.0
15.0,6,1,157.0
150.0,11,1,16.0
50.0,17,1,15.0
11.0,4,1,15.0
150.0,12,1,15.0
150.0,13,1,15.0
120.0,4,1,15.0
30.0,6,1,61.0
30.0,13,1,101.0
60.0,5,1,49.0
60.0,7,1,15.0
22.0,14,1,83.0
50.0,13,1,55.0
65.0,15,1,15.0
7.2,9,1,17.0
50.0,1,1,34.0
50.0,2,1,32.0
50.0,7,1,39.0
60.0,6,1,15.0
50.0,14,1,52.0
50.0,9,1,15.0
50.0,12,1,47.0
150.0,16,1,15.0
7.2,7,1,22.0
22.0,4,1,108.0
50.0,15,1,29.0
30.0,14,1,46.0
50.0,12,1,42.0
150.0,1,1,15.0
7.2,2,1,18.0
22.0,12,1,64.0
60.0,6,1,30.0
50.0,12,1,64.0
50.0,11,1,15.0
22.0,5,1,74.0
120.0,12,1,15.0
11.0,11,1,15.0
50.0,19,0,44.0
50.0,5,1,33.0
50.0,12,1,15.0
30.0,7,1,78.0
30.0,5,1,15.0
50.0,12,1,15.0
22.0,14,1,120.0
7.2,8,1,135.0
120.0,12,1,15.0
50.0,13,1,15.0
50.0,21,0,58.0
22.0,13,1,98.0
60.0,21,0,15.0
11.0,4,1,207.0
50.0,23,0,35.0
50.0,22,0,37.0
7.2,15,1,15.0
50.0,21,0,15.0
150.0,15,1,15.0
120.0,6,1,15.0
50.0,13,1,15.0
150.0,21,0,15.0
50.0,13,1,15.0
50.0,22,0,24.0
50.0,13,1,15.0
60.0,13,1,31.0
30.0,4,1,100.0
60.0,5,1,15.0
50.0,10,1,15.0
60.0,13,1,46.0
7.2,5,1,24.0
60.0,4,1,15.0
15.0,12,1,208.0
50.0,18,1,15.0
60.0,5,1,22.0
50.0,5,1,28.0
15.0,17,1,219.0
22.0,0,1,67.0
7.2,11,1,354.0
50.0,4,1,15.0
11.0,19,0,15.0
150.0,13,1,15.0
150.0,4,1,21.0
30.0,12,1,15.0
50.0,10,1,15.0
50.0,3,1,57.0
120.0,13,1,17.0
65.0,13,1,15.0
150.0,20,0,15.0
30.0,13,1,15.0
150.0,13,1,15.0
50.0,21,0,15.0
30.0,14,1,15.0
50.0,6,1,36.0
15.0,5,1,15.0
30.0,11,1,56.0
11.0,20,0,15.0
30.0,12,1,55.0
50.0,5,1,51.0
50.0,9,1,18.0
50.0,11,1,31.0
7.2,10,1,15.0
50.0,23,1,64.0
22.0,4,2,114.0
50.0,5,2,15.0
60.0,14,2,22.0
150.0,11,2,15.0
50.0,2,2,16.0
120.0,23,1,15.0
50.0,0,2,27.0
11.0,22,1,156.0
50.0,12,2,27.0
120.0,12,2,15.0
22.0,18,1,63.0
7.2,9,2,16.0
30.0,13,2,15.0
50.0,4,2,15.0
120.0,14,2,15.0
60.0,0,2,19.0
22.0,11,2,33.0
150.0,14,2,15.0
22.0,1,2,70.0
50.0,11,2,59.0
15.0,14,2,133.0
50.0,7,2,34.0
22.0,18,1,113.0
50.0,17,2,39.0
50.0,11,2,15.0
7.2,22,1,225.0
50.0,12,2,34.0
50.0,11,2,15.0
50.0,5,2,40.0
65.0,14,2,15.0
50.0,17,2,15.0
60.0,13,2,42.0
11.0,6,2,177.0
50.0,5,2,21.0
50.0,20,1,48.0
150.0,23,1,15.0
50.0,1,2,55.0
60.0,19,1,36.0
50.0,15,2,35.0
15.0,4,2,15.0
50.0,18,2,62.0
150.0,19,1,15.0
30.0,4,2,57.0
150.0,1,2,15.0
50.0,14,2,15.0
7.2,7,2,15.0
150.0,0,2,15.0
7.2,9,2,208.0
50.0,2,2,15.0
22.0,17,2,15.0
50.0,3,2,15.0
50.0,3,2,23.0
65.0,4,2,38.0
11.0,12,2,15.0
22.0,18,2,15.0
7.2,5,2,15.0
50.0,14,2,29.0
50.0,6,2,15.0
60.0,10,2,15.0
50.0,4,2,15.0
11.0,6,2,15.0
50.0,7,2,31.0
7.2,12,2,17.0
60.0,22,1,38.0
50.0,8,2,39.0
50.0,3,2,51.0
120.0,5,2,16.0
50.0,3,2,54.0
60.0,1,2,15.0
50.0,20,1,47.0
7.2,4,2,17.0
50.0,6,2,50.0
50.0,15,2,15.0
50.0,5,2,31.0
50.0,14,2,25.0
30.0,6,2,38.0
120.0,13,2,15.0
50.0,5,2,59.0
50.0,0,2,15.0
7.2,1,2,323.0
30.0,10,2,15.0
11.0,13,2,136.0
60.0,1,2,28.0
50.0,4,2,60.0
22.0,14,2,15.0
150.0,14,2,15.0
30.0,3,2,63.0
50.0,23,1,15.0
150.0,11,2,15.0
120.0,6,2,15.0
50.0,4,2,36.0
7.2,22,1,16.0
22.0,0,2,126.0
50.0,14,2,15.0
30.0,12,2,64.0
11.0,10,2,216.0
50.0,7,2,15.0
22.0,8,2,15.0
50.0,7,2,44.0
22.0,10,2,75.0
11.0,8,2,15.0
50.0,20,1,15.0
50.0,4,2,63.0
50.0,9,2,35.0
7.2,10,2,20.0
22.0,5,2,15.0
50.0,15,2,31.0
22.0,4,2,15.0
7.2,17,2,196.0
60.0,22,1,27.0
120.0,19,1,20.0
22.0,14,2,79.0
50.0,12,2,23.0
50.0,12,2,15.0
50.0,8,2,38.0
50.0,12,2,15.0
22.0,3,2,70.0
120.0,12,2,15.0
50.0,5,2,15.0
60.0,5,3,19.0
15.0,20,2,166.0
50.0,22,2,47.0
50.0,13,3,62.0
150.0,11,3,15.0
7.2,8,3,18.0
150.0,19,2,15.0
50.0,12,3,57.0
50.0,4,3,15.0
50.0,14,3,15.0
22.0,5,3,116.0
50.0,5,3,15.0
15.0,6,3,15.0
60.0,6,3,36.0
30.0,4,3,50.0
60.0,4,3,15.0
50.0,19,2,48.0
120.0,15,3,15.0
60.0,12,3,37.0
50.0,5,3,15.0
120.0,6,3,15.0
11.0,14,3,162.0
22.0,17,3,126.0
50.0,4,3,15.0
22.0,14,3,128.0
60.0,5,3,31.0
50.0,14,3,32.0
50.0,14,3,15.0
7.2,7,3,16.0
15.0,11,3,15.0
50.0,13,3,37.0
30.0,2,3,15.0
50.0,16,3,56.0
22.0,0,3,15.0
22.0,11,3,47.0
50.0,6,3,15.0
50.0,16,3,31.0
50.0,12,3,15.0
50.0,13,3,15.0
30.0,9,3,15.0
65.0,5,3,37.0
60.0,19,2,58.0
22.0,11,3,154.0
50.0,7,3,15.0
30.0,19,2,15.0
15.0,15,3,126.0
60.0,6,3,30.0
7.2,1,3,15.0
11.0,8,3,15.0
50.0,4,3,15.0
150.0,21,2,15.0
150.0,6,3,15.0
30.0,15,3,15.0
15.0,15,3,15.0
50.0,6,3,15.0
50.0,23,2,15.0
120.0,5,3,15.0
150.0,3,3,15.0
15.0,5,3,111.0
30.0,1,3,15.0
11.0,21,2,91.0
50.0,1,3,15.0
7.2,8,3,239.0
15.0,6,3,15.0
50.0,21,2,15.0
50.0,16,3,29.0
22.0,19,2,15.0
60.0,0,3,38.0
50.0,13,3,15.0
30.0,10,3,62.0
7.2,0,3,16.0
15.0,15,3,96.0
50.0,21,2,15.0
22.0,9,3,110.0
50.0,12,3,44.0
50.0,5,3,15.0
60.0,5,3,15.0
11.0,14,3,262.0
22.0,6,3,101.0
60.0,12,3,15.0
22.0,12,3,94.0
30.0,3,3,80.0
50.0,20,2,36.0
50.0,3,3,15.0
50.0,6,3,22.0
30.0,11,3,15.0
50.0,12,3,55.0
22.0,2,3,70.0
150.0,13,3,17.0
7.2,13,3,248.0
150.0,7,3,15.0
11.0,5,3,15.0
15.0,9,3,231.0
11.0,15,3,88.0
30.0,10,3,15.0
11.0,6,3,15.0
11.0,15,3,15.0
30.0,18,3,92.0
7.2,14,3,276.0
30.0,5,3,84.0
120.0,10,3,15.0
50.0,14,3,15.0
50.0,6,3,65.0
15.0,22,2,98.0
60.0,23,2,18.0
50.0,3,3,38.0
50.0,12,3,15.0
50.0,7,3,15.0
7.2,7,3,263.0
15.0,13,3,96.0
30.0,4,3,15.0
120.0,8,3,15.0
50.0,4,3,47.0
30.0,4,3,61.0
50.0,3,3,15.0
150.0,5,3,18.0
22.0,19,2,15.0
22.0,20,2,64.0
50.0,3,3,30.0
120.0,14,3,15.0
50.0,23,2,15.0
50.0,14,3,22.0
50.0,4,3,50.0
22.0,22,2,15.0
50.0,13,3,45.0
50.0,5,3,15.0
50.0,12,3,36.0
150.0,14,4,15.0
60.0,9,4,26.0
120.0,23,3,15.0
50.0,13,4,15.0
50.0,9,4,15.0
50.0,14,4,15.0
7.2,14,4,311.0
50.0,14,4,51.0
50.0,13,4,35.0
120.0,6,4,15.0
50.0,5,4,31.0
30.0,13,4,15.0
15.0,12,4,15.0
15.0,0,4,15.0
50.0,14,4,15.0
15.0,6,4,15.0
30.0,13,4,15.0
30.0,12,4,75.0
7.2,14,4,360.0
50.0,5,4,30.0
150.0,3,4,15.0
22.0,12,4,85.0
11.0,6,4,15.0
11.0,11,4,15.0
22.0,15,4,15.0
50.0,4,4,15.0
50.0,15,4,15.0
50.0,13,4,28.0
11.0,4,4,15.0
60.0,4,4,24.0
50.0,18,3,15.0
30.0,15,4,63.0
15.0,14,4,15.0
50.0,6,4,32.0
11.0,23,3,146.0
120.0,12,4,16.0
50.0,0,4,15.0
50.0,1,4,15.0
50.0,18,3,15.0
50.0,14,4,15.0
120.0,4,4,20.0
50.0,7,4,15.0
50.0,18,3,51.0
50.0,4,4,15.0
50.0,12,4,15.0
7.2,11,4,192.0
30.0,15,4,96.0
11.0,6,4,166.0
30.0,6,4,71.0
11.0,7,4,15.0
11.0,12,4,15.0
120.0,12,4,15.0
150.0,5,4,15.0
50.0,6,4,37.0
15.0,12,4,190.0
7.2,6,4,17.0
50.0,5,4,63.0
15.0,13,4,121.0
50.0,17,4,15.0
150.0,7,4,15.0
22.0,16,4,15.0
50.0,3,4,57.0
11.0,15,4,136.0
50.0,12,4,15.0
22.0,5,4,15.0
7.2,21,3,208.0
50.0,2,4,15.0
50.0,11,4,15.0
7.2,23,3,317.0
50.0,12,4,17.0
11.0,20,3,15.0
120.0,22,3,15.0
50.0,6,4,41.0
7.2,13,4,121.0
11.0,8,4,277.0
50.0,12,4,35.0
7.2,4,4,18.0
60.0,6,4,38.0
50.0,15,4,33.0
120.0,6,4,15.0
30.0,4,4,89.0
120.0,6,4,19.0
50.0,6,4,62.0
50.0,4,4,15.0
30.0,5,4,15.0
60.0,7,4,34.0
22.0,7,4,94.0
120.0,1,4,25.0
30.0,13,4,15.0
50.0,6,4,15.0
50.0,5,4,15.0
30.0,15,4,15.0
50.0,7,4,15.0
120.0,3,4,15.0
50.0,9,4,20.0
7.2,15,4,360.0
60.0,7,4,15.0
120.0,5,4,22.0
150.0,19,3,15.0
50.0,8,4,15.0
50.0,8,4,15.0
11.0,3,4,15.0
50.0,14,4,27.0
50.0,6,4,46.0
15.0,14,4,91.0
30.0,9,4,15.0
60.0,17,4,22.0
50.0,1,4,15.0
50.0,19,3,39.0
7.2,10,4,22.0
60.0,11,4,27.0
11.0,14,5,15.0
50.0,5,5,48.0
7.2,17,5,17.0
11.0,14,5,87.0
150.0,6,5,15.0
30.0,10,5,15.0
15.0,9,5,118.0
30.0,14,5,15.0
150.0,3,5,15.0
15.0,12,5,146.0
30.0,12,5,15.0
120.0,4,5,15.0
50.0,23,4,29.0
50.0,14,5,15.0
15.0,5,5,182.0
120.0,5,5,15.0
60.0,10,5,37.0
60.0,20,4,19.0
50.0,0,5,15.0
22.0,12,5,130.0
120.0,9,5,15.0
50.0,22,4,46.0
22.0,12,5,15.0
60.0,23,4,15.0
30.0,17,5,15.0
50.0,11,5,15.0
65.0,8,5,25.0
50.0,20,4,32.0
150.0,14,5,15.0
50.0,22,4,15.0
7.2,15,5,24.0
7.2,15,5,21.0
50.0,11,5,15.0
30.0,4,5,15.0
60.0,21,4,39.0
50.0,14,5,15.0
60.0,14,5,39.0
60.0,14,5,15.0
50.0,20,4,15.0
11.0,6,5,222.0
150.0,14,5,15.0
150.0,3,5,18.0
50.0,7,5,30.0
50.0,4,5,61.0
50.0,6,5,15.0
150.0,7,5,15.0
50.0,4,5,15.0
22.0,13,5,15.0
50.0,4,5,15.0
50.0,5,5,27.0
50.0,15,5,51.0
50.0,4,5,26.0
50.0,16,5,15.0
11.0,4,5,15.0
30.0,19,4,73.0
50.0,23,4,26.0
22.0,14,5,72.0
60.0,11,5,53.0
50.0,8,5,28.0
30.0,21,4,70.0
15.0,1,5,97.0
50.0,6,5,33.0
60.0,6,5,27.0
50.0,5,5,35.0
150.0,13,5,15.0
50.0,3,5,34.0
50.0,21,4,15.0
50.0,12,5,15.0
50.0,13,5,42.0
15.0,4,5,83.0
60.0,21,4,24.0
22.0,17,5,58.0
11.0,17,5,243.0
30.0,4,5,15.0
22.0,4,5,15.0
30.0,10,5,15.0
50.0,1,5,15.0
30.0,5,5,15.0
30.0,15,5,15.0
50.0,20,4,46.0
50.0,5,5,15.0
50.0,13,5,48.0
60.0,1,5,15.0
50.0,8,5,31.0
60.0,22,4,33.0
30.0,18,4,15.0
60.0,15,5,17.0
60.0,8,5,15.0
22.0,13,5,15.0
22.0,14,5,15.0
22.0,16,5,73.0
50.0,19,4,39.0
50.0,9,5,15.0
50.0,10,5,15.0
50.0,2,5,39.0
22.0,0,5,116.0
150.0,17,5,15.0
50.0,5,5,15.0
120.0,10,5,15.0
7.2,4,5,337.0
7.2,9,5,19.0
50.0,11,5,32.0
22.0,16,5,67.0
11.0,21,4,227.0
7.2,6,5,18.0
60.0,23,4,15.0
50.0,13,5,38.0
15.0,11,5,169.0
150.0,6,5,15.0
150.0,17,5,15.0
50.0,8,5,15.0
50.0,5,5,15.0
7.2,6,5,360.0
120.0,14,5,15.0
60.0,22,4,27.0
30.0,18,4,49.0
60.0,7,5,41.0
11.0,5,5,15.0
7.2,16,5,360.0
30.0,5,6,15.0
50.0,12,6,35.0
11.0,5,6,15.0
50.0,15,6,49.0
30.0,7,6,15.0
50.0,11,6,15.0
150.0,15,6,15.0
50.0,4,6,36.0
150.0,13,6,15.0
15.0,22,5,185.0
50.0,5,6,36.0
15.0,15,6,15.0
50.0,12,6,39.0
150.0,10,6,16.0
120.0,22,5,15.0
50.0,4,6,15.0
50.0,5,6,15.0
50.0,12,6,15.0
150.0,19,5,15.0
30.0,0,6,15.0
15.0,14,6,137.0
50.0,4,6,15.0
120.0,11,6,15.0
50.0,21,5,48.0
60.0,12,6,42.0
30.0,3,6,15.0
120.0,3,6,15.0
50.0,12,6,29.0
50.0,1,6,41.0
60.0,4,6,35.0
50.0,12,6,28.0
50.0,5,6,17.0
50.0,15,6,15.0
22.0,14,6,78.0
120.0,4,6,15.0
50.0,5,6,57.0
11.0,8,6,15.0
50.0,20,5,15.0
50.0,5,6,38.0
11.0,9,6,173.0
50.0,12,6,15.0
50.0,9,6,15.0
30.0,6,6,15.0
60.0,19,5,19.0
50.0,13,6,15.0
150.0,7,6,15.0
50.0,13,6,45.0
65.0,2,6,15.0
150.0,15,6,15.0
150.0,4,6,17.0
60.0,19,5,32.0
50.0,10,6,36.0
50.0,4,6,15.0
11.0,5,6,251.0
11.0,5,6,195.0
11.0,6,6,15.0
150.0,6,6,15.0
15.0,1,6,109.0
30.0,16,6,73.0
60.0,11,6,39.0
30.0,7,6,85.0
50.0,13,6,33.0
50.0,11,6,15.0
60.0,12,6,15.0
11.0,21,5,104.0
15.0,3,6,104.0
11.0,23,5,17.0
50.0,12,6,47.0
22.0,11,6,15.0
7.2,14,6,177.0
60.0,23,5,15.0
50.0,20,5,15.0
30.0,12,6,15.0
50.0,15,6,15.0
50.0,7,6,15.0
120.0,11,6,20.0
150.0,6,6,15.0
30.0,7,6,15.0
60.0,1,6,15.0
50.0,22,5,35.0
50.0,11,6,43.0
30.0,2,6,15.0
15.0,3,6,15.0
50.0,15,6,37.0
50.0,18,6,46.0
50.0,23,5,15.0
50.0,6,6,17.0
50.0,10,6,15.0
50.0,7,6,51.0
7.2,4,6,226.0
150.0,3,6,15.0
120.0,13,6,15.0
15.0,12,6,131.0
7.2,23,5,23.0
7.2,4,6,278.0
50.0,18,5,15.0
60.0,18,5,15.0
30.0,20,5,43.0
120.0,5,6,15.0
22.0,12,6,15.0
60.0,1,6,31.0
50.0,14,6,52.0
50.0,4,6,17.0
50.0,16,6,28.0
60.0,12,6,15.0
60.0,4,6,15.0
50.0,4,6,18.0
15.0,2,6,116.0
30.0,4,6,64.0
50.0,13,6,15.0
50.0,7,6,15.0
50.0,15,6,15.0
22.0,16,6,95.0
22.0,3,6,15.0
50.0,14,6,15.0
120.0,3,6,15.0
11.0,13,6,15.0
50.0,5,6,29.0
50.0,4,0,15.0
22.0,18,6,80.0
120.0,22,6,15.0
22.0,6,0,45.0
50.0,3,0,53.0
30.0,18,6,54.0
7.2,13,0,15.0
30.0,2,0,15.0
60.0,19,6,16.0
120.0,13,0,15.0
120.0,11,0,15.0
30.0,2,0,15.0
50.0,3,0,34.0
50.0,16,0,37.0
11.0,16,0,15.0
50.0,13,0,15.0
60.0,6,0,46.0
50.0,6,0,34.0
60.0,1,0,44.0
15.0,10,0,15.0
50.0,5,0,15.0
50.0,16,0,48.0
60.0,3,0,15.0
50.0,3,0,15.0
50.0,22,6,60.0
15.0,4,0,112.0
11.0,6,0,15.0
50.0,2,0,15.0
50.0,12,0,29.0
50.0,15,0,39.0
7.2,15,0,273.0
50.0,5,0,15.0
50.0,15,0,15.0
11.0,20,6,210.0
50.0,13,0,15.0
60.0,16,0,23.0
50.0,7,0,46.0
50.0,13,0,19.0
50.0,2,0,42.0
60.0,13,0,49.0
50.0,6,0,28.0
30.0,13,0,15.0
50.0,1,0,47.0
60.0,4,0,23.0
50.0,7,0,17.0
120.0,13,0,15.0
60.0,2,0,15.0
7.2,4,0,17.0
150.0,17,0,17.0
11.0,13,0,157.0
50.0,8,0,45.0
50.0,14,0,24.0
7.2,6,0,354.0
50.0,17,0,28.0
120.0,14,0,22.0
7.2,11,0,212.0
50.0,13,0,15.0
11.0,2,0,246.0
22.0,4,0,15.0
15.0,22,6,158.0
60.0,14,0,25.0
50.0,7,0,15.0
11.0,6,0,95.0
30.0,12,0,52.0
50.0,14,0,15.0
150.0,16,0,15.0
30.0,20,6,15.0
7.2,9,0,232.0
60.0,6,0,15.0
11.0,23,6,15.0
50.0,3,0,15.0
50.0,14,0,15.0
15.0,1,0,15.0
150.0,17,0,15.0
50.0,15,0,27.0
30.0,15,0,15.0
7.2,15,0,15.0
50.0,15,0,17.0
30.0,11,0,45.0
150.0,7,0,15.0
50.0,6,0,29.0
11.0,10,0,16.0
11.0,12,0,223.0
50.0,20,6,32.0
50.0,11,0,26.0
30.0,7,0,84.0
60.0,13,0,38.0
60.0,23,6,23.0
50.0,15,0,15.0
15.0,18,0,141.0
15.0,12,0,61.0
30.0,22,6,15.0
22.0,11,0,80.0
60.0,5,0,16.0
150.0,7,0,15.0
150.0,3,0,15.0
50.0,20,6,54.0
7.2,3,0,289.0
15.0,12,0,15.0
30.0,15,0,86.0
120.0,14,0,15.0
30.0,15,0,15.0
60.0,6,0,19.0
11.0,13,1,158.0
50.0,13,1,32.0
11.0,12,1,15.0
30.0,5,1,15.0
15.0,9,1,177.0
50.0,15,1,15.0
120.0,9,1,16.0
11.0,20,0,111.0
15.0,23,0,15.0
50.0,6,1,15.0
50.0,6,1,15.0
50.0,8,1,15.0
50.0,23,0,31.0
60.0,16,1,15.0
50.0,6,1,15.0
150.0,6,1,15.0
22.0,12,1,15.0
50.0,11,1,15.0
11.0,19,0,15.0
50.0,5,1,56.0
30.0,19,0,52.0
50.0,5,1,15.0
50.0,6,1,33.0
50.0,11,1,28.0
30.0,6,1,73.0
50.0,20,0,54.0
150.0,13,1,15.0
50.0,5,1,15.0
120.0,5,1,15.0
15.0,13,1,103.0
7.2,11,1,360.0
50.0,9,1,34.0
50.0,4,1,15.0
15.0,0,1,128.0
60.0,4,1,15.0
15.0,17,1,15.0
150.0,7,1,17.0
120.0,14,1,15.0
7.2,12,1,16.0
60.0,5,1,27.0
50.0,12,1,54.0
50.0,10,1,34.0
50.0,20,0,15.0
60.0,14,1,15.0
11.0,5,1,15.0
22.0,14,1,83.0
50.0,5,1,28.0
150.0,6,1,15.0
7.2,4,1,22.0
50.0,9,1,56.0
120.0,12,1,15.0
50.0,9,1,34.0
7.2,5,1,19.0
50.0,12,1,15.0
60.0,8,1,15.0
15.0,12,1,164.0
60.0,4,1,15.0
15.0,18,0,15.0
50.0,3,1,15.0
50.0,5,1,15.0
60.0,5,1,40.0
50.0,16,1,36.0
50.0,7,1,44.0
22.0,17,1,109.0
50.0,14,1,39.0
60.0,12,1,15.0
50.0,12,1,15.0
22.0,5,1,15.0
60.0,14,1,24.0
7.2,18,0,213.0
50.0,14,1,15.0
11.0,17,1,117.0
30.0,14,1,45.0
7.2,23,0,19.0
60.0,3,1,15.0
50.0,14,1,15.0
7.2,20,0,360.0
30.0,4,1,82.0
50.0,11,1,55.0
50.0,11,1,35.0
15.0,20,0,15.0
50.0,4,1,15.0
22.0,1,1,152.0
150.0,7,1,15.0
50.0,6,1,29.0
50.0,14,1,15.0
150.0,10,1,15.0
60.0,12,1,35.0
50.0,2,1,34.0
50.0,9,1,15.0
30.0,13,1,83.0
50.0,10,1,39.0
30.0,6,1,15.0
60.0,14,1,15.0
22.0,12,1,128.0
50.0,3,1,29.0
30.0,14,1,15.0
30.0,3,1,15.0
50.0,2,1,39.0
50.0,11,1,36.0
22.0,13,1,15.0
11.0,4,2,139.0
50.0,10,2,15.0
30.0,8,2,49.0
30.0,10,2,49.0
120.0,11,2,15.0
50.0,11,2,32.0
150.0,14,2,15.0
30.0,3,2,15.0
60.0,6,2,15.0
30.0,12,2,44.0
50.0,14,2,19.0
50.0,4,2,15.0
50.0,13,2,39.0
120.0,23,1,15.0
60.0,1,2,31.0
30.0,19,1,43.0
50.0,6,2,49.0
22.0,0,2,56.0
150.0,3,2,15.0
50.0,5,2,15.0
120.0,15,2,15.0
50.0,0,2,65.0
60.0,13,2,16.0
50.0,12,2,38.0
50.0,13,2,15.0
11.0,12,2,150.0
7.2,11,2,244.0
22.0,11,2,90.0
150.0,15,2,15.0
50.0,12,2,15.0
50.0,12,2,30.0
150.0,1,2,15.0
30.0,12,2,15.0
150.0,13,2,16.0
150.0,8,2,15.0
22.0,14,2,15.0
120.0,14,2,18.0
30.0,7,2,61.0
50.0,4,2,54.0
50.0,9,2,41.0
30.0,11,2,15.0
50.0,0,2,46.0
50.0,5,2,43.0
50.0,4,2,15.0
50.0,2,2,15.0
50.0,15,2,30.0
60.0,3,2,40.0
50.0,23,1,15.0
120.0,13,2,15.0
22.0,15,2,148.0
15.0,14,2,123.0
11.0,22,1,151.0
50.0,22,1,15.0
60.0,23,1,15.0
50.0,6,2,15.0
7.2,21,1,18.0
7.2,13,2,19.0
22.0,8,2,15.0
11.0,17,2,15.0
30.0,14,2,15.0
7.2,13,2,24.0
50.0,5,2,34.0
50.0,12,2,15.0
30.0,13,2,90.0
120.0,12,2,22.0
50.0,19,1,20.0
30.0,11,2,74.0
50.0,18,1,42.0
11.0,6,2,230.0
50.0,5,2,42.0
50.0,19,1,34.0
30.0,4,2,75.0
30.0,5,2,15.0
60.0,7,2,15.0
50.0,21,1,19.0
7.2,4,2,223.0
60.0,6,2,15.0
50.0,8,2,15.0
50.0,12,2,41.0
60.0,23,1,34.0
22.0,21,1,15.0
60.0,12,2,15.0
50.0,4,2,50.0
50.0,9,2,38.0
60.0,5,2,48.0
60.0,12,2,33.0
50.0,6,2,40.0
150.0,15,2,15.0
120.0,12,2,15.0
50.0,14,2,34.0
50.0,5,2,56.0
50.0,5,2,15.0
50.0,3,2,37.0
60.0,12,2,15.0
60.0,8,2,47.0
30.0,4,2,56.0
120.0,13,2,15.0
50.0,8,2,29.0
50.0,4,2,15.0
60.0,18,1,21.0
50.0,3,2,37.0
50.0,18,1,15.0
7.2,14,2,17.0
60.0,6,2,39.0
30.0,6,2,15.0
7.2,7,2,17.0
50.0,19,1,48.0
50.0,4,2,15.0
11.0,12,2,97.0
15.0,14,2,116.0
120.0,11,2,15.0
50.0,5,2,31.0
50.0,4,2,15.0
50.0,7,2,47.0
50.0,7,2,45.0
120.0,3,2,15.0
30.0,21,1,91.0
50.0,6,2,15.0
11.0,5,2,15.0
7.2,12,2,295.0
30.0,10,2,69.0
60.0,4,2,25.0
60.0,23,1,15.0
7.2,22,1,15.0
60.0,14,3,15.0
120.0,6,3,15.0
50.0,23,2,25.0
11.0,14,3,15.0
11.0,4,3,15.0
50.0,9,3,28.0
60.0,20,2,36.0
50.0,12,3,15.0
50.0,12,3,34.0
60.0,4,3,15.0
7.2,4,3,198.0
50.0,9,3,32.0
30.0,6,3,15.0
15.0,5,3,15.0
60.0,14,3,37.0
50.0,10,3,15.0
50.0,19,2,15.0
60.0,23,2,36.0
50.0,0,3,15.0
7.2,15,3,360.0
50.0,16,3,35.0
15.0,15,3,125.0
150.0,14,3,15.0
50.0,0,3,33.0
60.0,21,2,15.0
50.0,22,2,20.0
50.0,12,3,15.0
60.0,14,3,15.0
120.0,4,3,15.0
60.0,5,3,36.0
7.2,13,3,16.0
50.0,13,3,15.0
7.2,13,3,17.0
50.0,20,2,15.0
60.0,12,3,15.0
50.0,18,2,15.0
22.0,0,3,77.0
30.0,3,3,15.0
150.0,22,2,22.0
50.0,12,3,42.0
120.0,15,3,15.0
7.2,3,3,22.0
11.0,6,3,273.0
30.0,7,3,15.0
30.0,6,3,15.0
120.0,7,3,15.0
30.0,22,2,118.0
15.0,6,3,15.0
15.0,13,3,119.0
50.0,10,3,15.0
22.0,11,3,103.0
22.0,14,3,65.0
50.0,14,3,15.0
50.0,5,3,15.0
120.0,14,3,18.0
150.0,3,3,15.0
150.0,13,3,15.0
15.0,19,2,15.0
50.0,6,3,15.0
120.0,5,3,15.0
150.0,13,3,19.0
30.0,0,3,15.0
11.0,13,3,15.0
50.0,12,3,34.0
50.0,15,3,37.0
30.0,8,3,15.0
50.0,7,3,15.0
15.0,6,3,94.0
50.0,13,3,15.0
7.2,13,3,15.0
22.0,14,3,15.0
7.2,18,2,168.0
15.0,5,3,119.0
50.0,3,3,39.0
50.0,10,3,15.0
50.0,4,3,35.0
15.0,11,3,191.0
50.0,9,3,27.0
11.0,3,3,15.0
30.0,14,3,46.0
50.0,4,3,46.0
150.0,15,3,15.0
7.2,6,3,22.0
50.0,12,3,39.0
120.0,15,3,15.0
50.0,11,3,35.0
7.2,4,3,15.0
60.0,10,3,15.0
60.0,5,3,39.0
50.0,6,3,56.0
15.0,14,3,15.0
7.2,5,3,229.0
11.0,18,2,233.0
60.0,22,2,15.0
50.0,13,3,56.0
50.0,15,3,15.0
15.0,2,3,120.0
50.0,3,3,45.0
120.0,5,3,15.0
7.2,15,3,265.0
7.2,7,3,111.0
150.0,6,3,15.0
50.0,11,3,15.0
60.0,8,3,15.0
50.0,23,2,15.0
11.0,4,3,15.0
50.0,14,3,15.0
22.0,3,3,15.0
50.0,12,3,34.0
50.0,2,3,15.0
150.0,0,3,15.0
22.0,4,3,90.0
60.0,12,3,38.0
30.0,7,3,52.0
60.0,13,3,30.0
7.2,18,3,19.0
50.0,8,4,35.0
50.0,12,4,15.0
60.0,13,4,15.0
11.0,5,4,15.0
50.0,20,3,15.0
60.0,9,4,15.0
30.0,10,4,34.0
50.0,5,4,65.0
50.0,12,4,68.0
22.0,13,4,76.0
50.0,10,4,15.0
50.0,5,4,15.0
30.0,12,4,57.0
30.0,2,4,50.0
50.0,6,4,15.0
150.0,4,4,22.0
50.0,2,4,16.0
22.0,7,4,95.0
30.0,13,4,15.0
50.0,12,4,32.0
50.0,15,4,15.0
50.0,23,3,31.0
7.2,21,3,16.0
150.0,11,4,15.0
60.0,22,3,26.0
50.0,6,4,57.0
60.0,8,4,28.0
120.0,20,3,17.0
50.0,14,4,71.0
150.0,12,4,15.0
22.0,20,3,15.0
50.0,11,4,20.0
15.0,8,4,15.0
50.0,3,4,31.0
15.0,14,4,103.0
30.0,12,4,35.0
11.0,0,4,118.0
120.0,21,3,15.0
30.0,18,3,96.0
150.0,0,4,15.0
150.0,20,3,15.0
50.0,15,4,15.0
60.0,12,4,15.0
11.0,5,4,15.0
15.0,3,4,160.0
50.0,6,4,15.0
50.0,9,4,54.0
50.0,12,4,43.0
60.0,17,4,32.0
50.0,17,4,15.0
50.0,2,4,30.0
50.0,7,4,15.0
150.0,14,4,15.0
60.0,6,4,23.0
50.0,7,4,42.0
11.0,20,3,249.0
50.0,17,4,54.0
50.0,3,4,15.0
60.0,3,4,22.0
50.0,2,4,15.0
7.2,5,4,17.0
11.0,3,4,104.0
150.0,4,4,15.0
11.0,0,4,15.0
15.0,11,4,15.0
50.0,14,4,15.0
50.0,8,4,15.0
7.2,13,4,188.0
50.0,3,4,46.0
60.0,7,4,38.0
60.0,6,4,15.0
11.0,17,4,160.0
120.0,13,4,25.0
30.0,6,4,15.0
50.0,4,4,51.0
50.0,13,4,15.0
15.0,7,4,110.0
11.0,13,4,272.0
60.0,13,4,41.0
30.0,13,4,72.0
11.0,5,4,15.0
7.2,6,4,322.0
50.0,13,4,25.0
15.0,14,4,189.0
150.0,5,4,15.0
30.0,13,4,49.0
30.0,8,4,15.0
22.0,6,4,80.0
7.2,4,4,250.0
15.0,6,4,190.0
30.0,14,4,15.0
11.0,14,4,15.0
50.0,4,4,15.0
11.0,15,4,237.0
11.0,12,4,160.0
120.0,14,4,15.0
50.0,20,3,15.0
50.0,1,4,47.0
11.0,14,4,15.0
60.0,15,4,15.0
50.0,5,4,15.0
50.0,0,4,15.0
120.0,13,4,15.0
30.0,4,4,55.0
50.0,13,4,27.0
30.0,7,4,103.0
7.2,19,3,291.0
7.2,5,4,204.0
60.0,6,4,32.0
150.0,11,4,15.0
50.0,20,4,47.5165262
60.0,17,5,47.34141573333333
150.0,11,1,15.273489283333333
50.0,19,0,60.28412081666667
50.0,17,6,52.91734641666667
50.0,21,1,40.26787216666666
22.0,14,4,147.20464464999998
50.0,11,5,33.15466815
50.0,18,6,53.548993366666664
150.0,12,3,32.70827568333333
120.0,11,1,26.727661666666666
150.0,13,1,24.16085045
50.0,18,2,45.872461599999994
50.0,17,0,37.84857041666667
50.0,9,2,41.93135936666667
50.0,11,6,56.14549431666667
50.0,20,4,60.46835456666667
60.0,19,1,41.0648613
50.0,12,5,32.951519616666666
30.0,14,1,196.32510215
50.0,14,1,61.592959400000005
50.0,20,4,48.05682856666667
60.0,18,3,61.705012116666666
15.0,17,4,148.56805988333332
50.0,11,2,43.93784195
60.0,19,2,51.09175696666667
30.0,20,2,176.08826675
50.0,19,2,35.51268373333333
30.0,12,5,172.69551653333335
120.0,13,5,31.50472535
60.0,13,2,38.46082513333333
50.0,15,3,48.78417623333333
22.0,17,1,158.5482839
60.0,18,4,48.34813165
150.0,22,1,27.866182
7.2,12,4,161.86188945
65.0,19,4,48.73032968333334
22.0,17,1,140.5668269
7.2,11,1,205.47615711666668
50.0,8,5,59.90701026666667
7.2,18,3,186.8821227166667
15.0,8,6,152.8860897666667
15.0,13,4,173.50771771666666
60.0,18,5,33.23623988333333
30.0,18,5,129.23424409999998
50.0,19,0,49.1291215
15.0,15,1,191.10494281666666
30.0,17,0,174.8784942
50.0,16,6,34.8982708
50.0,11,6,41.083738000000004
50.0,18,6,45.21366941666667
22.0,16,2,207.29615543333333
60.0,12,3,62.213726449999996
50.0,19,2,62.219164066666664
50.0,11,4,43.84538323333334
50.0,11,5,53.523852866666665
30.0,19,1,215.98377031666666
50.0,20,1,33.04440521666667
150.0,12,1,29.028530550000003
120.0,17,6,19.237029333333332
50.0,20,6,40.69282356666667
7.2,11,5,187.50303196666667
50.0,17,2,61.426939616666665
50.0,20,1,52.41880508333334
50.0,12,3,48.305187700000005
11.0,12,6,147.44692115
50.0,14,6,64.92254906666668
60.0,13,2,33.34519518333333
7.2,18,5,135.63224743333333
50.0,21,1,58.4461482
60.0,10,5,48.403492033333336
50.0,14,0,64.39326224999999
7.2,9,0,216.64261296666666
50.0,15,1,63.204435600000004
22.0,15,5,235.36527376666666
60.0,12,6,45.19701346666667
150.0,17,6,22.4204105
60.0,9,2,58.01576178333333
50.0,19,5,49.83078745
7.2,18,0,194.4274267
50.0,17,6,36.96884203333333
50.0,17,3,34.63099318333333
30.0,19,1,196.66406633333332
22.0,11,6,109.19162095
120.0,17,5,34.73298511666667
50.0,8,5,55.67611343333333
50.0,9,5,52.7689133
7.2,9,6,206.69383748333334
30.0,17,6,191.51497980000002
60.0,11,5,53.74375976666667
7.2,12,0,98.18491728333333
120.0,20,3,25.1667548
50.0,18,5,43.75137715
60.0,17,1,43.46319235
50.0,9,4,49.679807399999994
22.0,20,4,207.64607593333332
30.0,17,1,96.09513495
150.0,17,5,19.368905716666667
7.2,21,4,91.09958793333334
30.0,20,0,99.48563861666666
7.2,8,6,90.75447586666668
15.0,20,3,182.92736656666665
120.0,8,5,18.928638583333335
150.0,17,2,17.80741385
65.0,11,0,38.805524350000006
120.0,18,6,27.590808499999998
7.2,9,3,147.81928241666668
150.0,12,5,31.743810283333335
50.0,18,2,36.25518591666666
50.0,18,2,51.488795683333336
60.0,17,1,59.04176808333333
30.0,13,2,100.13313910000001
50.0,13,2,57.262846816666666
30.0,13,0,91.77299678333334
120.0,18,0,18.532145533333335
50.0,17,1,47.865558400000005
30.0,14,4,199.16586246666665
50.0,19,4,62.720015
60.0,8,6,40.25229145
7.2,9,4,92.90930958333334
60.0,20,6,38.71368261666667
120.0,13,0,26.62154045
120.0,20,2,25.854681533333334
60.0,21,5,41.2910014
120.0,19,4,16.16600048333333
15.0,13,3,230.02799543333333
50.0,15,1,47.8945021
7.2,17,2,212.57125499999998
60.0,18,6,46.832287566666665
15.0,10,3,232.34113725
50.0,22,1,39.49586326666667
15.0,13,6,183.86885455
7.2,20,0,236.36653636666668
50.0,19,4,42.57414671666667
50.0,10,5,62.869869666666666
60.0,19,6,36.29199871666666
7.2,20,2,174.82373678333335
120.0,18,1,31.505050100000002
50.0,18,1,34.27081305
50.0,20,4,30.839537916666664
60.0,13,0,46.12162776666666
50.0,11,2,60.69670565
22.0,8,2,229.8506016
50.0,17,0,32.4935005
50.0,17,2,52.55465135
50.0,9,0,38.52918713333334
15.0,13,1,122.64176601666666
120.0,17,4,17.193966333333332
30.0,12,6,153.85562563333332
50.0,11,2,46.53580503333333
50.0,18,6,47.695863833333334
50.0,18,1,59.464156233333334
7.2,21,2,210.34745413333334
50.0,10,2,52.97381201666667
22.0,12,1,205.30609850000002
120.0,11,1,17.424073
50.0,21,5,43.60686366666666
60.0,18,1,45.96646075
7.2,12,6,208.65784434999998
15.0,12,2,237.99052871666666
30.0,17,5,138.89584715
50.0,10,6,42.025160283333335
30.0,18,2,104.69988053333333
120.0,18,3,33.92190986666667
50.0,12,3,44.80251938333333
50.0,17,1,40.260930466666665
120.0,11,1,17.9667667
60.0,9,4,41.207627583333334
50.0,18,3,48.8444303
50.0,8,6,50.92774975
15.0,12,6,133.153355
50.0,14,5,48.536431549999996
120.0,18,5,29.250942549999998
50.0,9,5,45.09366155
30.0,18,1,115.76601941666667
11.0,19,6,156.59338051666666
30.0,11,1,177.2877936
50.0,18,1,37.067611400000004
50.0,17,6,47.7339767
60.0,17,6,49.881729166666666
11.0,18,6,216.6280326
50.0,16,0,45.180356966666665
60.0,13,1,34.77507201666666
30.0,21,3,139.39288665
50.0,11,1,57.60809486666667
22.0,8,0,153.35489996666666
30.0,18,4,221.02587655
50.0,13,1,62.19961671666667
120.0,8,2,28.737048983333334
60.0,12,0,48.564833033333336
50.0,19,5,47.3218772
50.0,20,5,50.66184741666667
60.0,19,3,60.293042883333335
7.2,11,4,191.4660048
50.0,18,2,59.501843816666664
120.0,12,0,22.21457566666667
50.0,19,3,49.93006616666666
50.0,21,1,35.646670283333336
30.0,16,5,135.54778401666667
11.0,18,2,106.63962674999999
50.0,19,6,53.274833916666665
15.0,19,0,235.89917208333333
7.2,20,3,136.83786204999998
11.0,8,0,132.68032424999998
60.0,11,2,58.83341406666667
7.2,21,6,122.33721835
120.0,17,0,16.770597833333333
50.0,17,0,41.898479433333335
15.0,13,1,202.8584968
50.0,19,5,58.44253011666667
22.0,19,0,157.90771216666664
30.0,17,6,205.19487665
50.0,17,5,49.79974666666667
60.0,19,3,31.521263616666666
7.2,11,5,209.11666791666667
30.0,19,1,221.99072511666665
50.0,11,2,51.11653213333333
50.0,19,4,38.05959035
50.0,19,0,43.262296533333334
22.0,8,3,209.34178801666667
150.0,22,1,26.427407733333332
30.0,13,3,140.06367623333333
60.0,20,6,55.2878623
120.0,18,0,27.060055716666668
50.0,11,4,64.63582931666666
50.0,17,3,54.51107888333333
50.0,20,4,44.35336236666667
50.0,17,3,43.67973258333333
60.0,13,2,53.41323095
50.0,11,1,54.938588800000005
50.0,18,6,56.50360103333333
150.0,17,1,19.448881083333333
60.0,10,4,43.93855656666666
22.0,20,0,145.97173465
30.0,20,4,127.1122203
120.0,21,1,29.965805016666664
120.0,20,0,16.714141283333333
15.0,22,6,236.2957591
150.0,17,2,23.558325616666664
60.0,18,5,41.427527833333336
50.0,18,4,36.58547301666667
50.0,17,2,54.603838333333336
50.0,19,0,56.51999648333333
22.0,12,0,191.91678983333335
30.0,20,6,163.38276615
50.0,17,1,61.416080433333335
7.2,12,4,180.92582003333334
50.0,13,2,53.006131849999996
30.0,8,6,169.34401781666665
30.0,22,5,237.93694133333332
150.0,18,4,15.27800525
15.0,19,3,218.67092428333333
50.0,11,2,30.241865816666667
60.0,19,2,57.993703
60.0,18,5,54.726131466666665
50.0,13,2,36.36130685
60.0,20,1,60.94144808333333
50.0,8,6,40.13797246666666
50.0,19,2,31.368173633333335
60.0,8,0,50.414142516666665
50.0,17,5,38.58388421666667
60.0,20,5,31.95564273333333
50.0,14,6,61.34552718333334
22.0,12,3,131.77142136666666
50.0,19,0,49.54310638333333
50.0,23,2,59.08737975
120.0,17,0,34.55852566666667
30.0,20,3,185.75834415
50.0,9,0,32.75635008333333
50.0,11,6,63.913149149999995
120.0,18,5,16.669810966666667
7.2,19,0,201.19271421666664
50.0,13,1,31.8809799
150.0,18,3,17.272137516666664
50.0,19,3,48.986345566666664
7.2,20,0,133.48566888333332
120.0,15,1,31.4006878
7.2,18,4,91.73071841666666
50.0,9,6,61.3111676
50.0,17,0,51.2138771
22.0,9,5,209.11492891666666
15.0,8,6,111.7559514
50.0,17,2,41.44061658333333
60.0,14,5,62.819631449999996
30.0,13,6,202.95522405
50.0,18,2,56.65608863333333
120.0,18,4,16.68133531666667
7.2,20,5,148.93281375
30.0,20,5,91.46008125
15.0,10,1,162.65322593333335
30.0,21,5,118.58589966666666
15.0,10,3,221.80831441666666
50.0,12,6,32.995927449999996
50.0,11,0,53.452773099999995
50.0,11,2,51.82823728333334
15.0,17,0,133.50542831666667
120.0,13,4,22.81248651666667
120.0,15,2,28.586445516666668
150.0,13,5,16.720365966666666
50.0,9,2,47.45492851666667
7.2,12,1,228.62613933333333
50.0,8,3,51.28486135
50.0,17,5,45.349455899999995
50.0,13,5,37.12442273333333
22.0,18,0,135.77221091666667
11.0,19,0,209.93833856666666
50.0,11,2,45.415383066666664
50.0,21,4,37.141467049999996
50.0,12,4,35.25261401666667
150.0,19,4,22.039692183333333
120.0,12,1,29.857079849999998
50.0,15,3,55.3297613
50.0,13,5,39.738967933333335
11.0,19,4,199.81341278333332
50.0,14,5,53.13956495
22.0,20,0,233.15028321666665
7.2,19,2,122.26592603333333
150.0,16,2,30.32025881666667
50.0,9,1,52.93465855
22.0,15,3,162.50242786666666
50.0,13,5,38.135041533333336
50.0,13,1,31.367168166666666
50.0,21,5,59.029280549999996
50.0,19,5,33.6041699
50.0,12,2,40.58954125
120.0,19,6,32.52589673333333
50.0,18,1,52.664197316666666
120.0,11,0,31.754333483333333
22.0,13,2,146.17943383333335
11.0,19,3,155.07800968333333
50.0,22,0,33.507269066666666
120.0,12,5,33.85692663333334
50.0,8,6,43.17020526666667
15.0,11,0,135.2906878
150.0,12,4,20.172980983333332
60.0,20,5,40.36505588333333
50.0,17,1,51.327372149999995
11.0,21,2,131.52807165
120.0,13,5,32.087119783333335
30.0,20,3,146.76432655
50.0,13,5,60.5669664
30.0,18,2,226.98101471666666
30.0,17,1,207.45640980000002
15.0,10,0,101.11043333333333
7.2,11,3,94.20070571666666
30.0,12,3,119.54133081666667
15.0,9,1,200.00058781666667
15.0,19,0,238.83565306666665
50.0,17,5,36.77584266666667
30.0,17,1,201.78209035
7.2,8,3,160.48076386666668
22.0,9,5,93.27777133333333
30.0,22,6,140.06288546666667
22.0,19,6,148.49212446666667
50.0,17,1,64.68512695
150.0,17,5,30.995824266666666
50.0,12,5,56.68007441666667
50.0,20,1,50.94776168333333
150.0,21,1,19.511036816666667
15.0,18,6,114.28278073333333
60.0,11,2,34.41798593333333
150.0,18,3,18.335069316666665
15.0,19,4,148.68574058333334
30.0,18,3,198.00102280000002
11.0,11,5,152.94680386666667
11.0,20,6,197.74335013333334
50.0,15,2,57.777435866666664
50.0,19,4,40.86846546666666
60.0,19,3,37.85640108333334
11.0,13,1,110.17392029999999
50.0,12,4,32.28944658333333
150.0,16,6,29.651126733333335
50.0,19,6,30.71402665
30.0,17,5,94.55125006666667
30.0,18,6,216.54020515
60.0,21,1,40.74919406666667
50.0,13,6,61.51122446666667
15.0,18,5,193.87847095
7.2,17,1,124.29676186666667
60.0,19,4,45.36050573333333
11.0,14,6,175.72378081666665
30.0,19,2,142.94120595
50.0,17,5,51.82586315
15.0,19,2,102.86250876666666
50.0,19,0,61.627806416666665
120.0,19,0,18.94263655
120.0,14,5,15.213557583333333
22.0,11,5,116.56608265
50.0,19,4,48.52667183333333
50.0,18,4,55.7405104
50.0,14,6,47.118061
50.0,13,1,30.573627783333333
150.0,20,4,28.681151366666665
50.0,12,0,51.32854906666667
11.0,20,3,237.79268538333332
11.0,18,5,180.98137071666667
150.0,17,6,16.837188116666667
120.0,20,4,22.750505316666665
60.0,17,4,39.1119647
11.0,19,6,140.08980208333332
15.0,9,5,152.62305451666668
30.0,14,0,164.61351539999998
50.0,18,5,42.99452975
60.0,20,1,56.067786250000005
50.0,11,1,35.44954135
60.0,19,6,44.99833581666667
11.0,19,1,126.20679595
7.2,12,4,101.5230976
120.0,17,0,23.44510466666667
15.0,12,4,129.88312771666668
150.0,6,0,15.858178116666666
50.0,12,4,41.951892199999996
50.0,20,6,36.71462893333333
50.0,13,0,39.47591728333334
60.0,15,3,31.436211533333335
50.0,12,2,55.91596381666667
60.0,9,2,45.28276013333333
50.0,17,4,43.33398265
120.0,13,1,33.319257533333335
15.0,17,1,91.31197385
120.0,18,2,33.86570685
120.0,21,2,19.541429716666666
30.0,13,0,201.65065696666667
50.0,22,4,36.87169851666667
22.0,16,2,217.58907466666668
50.0,18,1,35.36403896666666
50.0,20,1,35.77130493333333
30.0,12,2,182.15450138333333
22.0,18,6,125.26876285
22.0,9,2,141.76284656666667
15.0,17,5,198.11765846666668
60.0,13,0,44.256770466666666
50.0,18,5,63.34090378333334
30.0,12,1,204.76390503333332
7.2,21,4,210.6563003
30.0,12,4,148.09134020000002
7.2,12,2,153.84609113333332
50.0,11,6,38.10317826666667
150.0,18,2,16.64017756666667
50.0,12,6,59.96489928333333
30.0,17,3,198.64713153333332
50.0,11,5,56.91687473333333
22.0,12,2,99.44516610000001
30.0,12,4,174.60330108333335
150.0,9,0,26.749992433333333
22.0,21,1,230.19822406666665
50.0,17,2,30.266797816666667
50.0,12,2,41.050557033333334
150.0,20,3,25.780057683333332
120.0,11,5,29.461800466666666
11.0,8,0,116.35874505
50.0,17,1,49.33901638333334
60.0,20,2,63.195582683333335
60.0,13,2,31.42726006666667
50.0,13,2,42.89301278333333
22.0,9,2,221.78948028333335
7.2,13,1,93.98538931666667
30.0,12,5,176.2542308333333
150.0,20,0,21.749836249999998
30.0,11,1,166.3613725666667
30.0,17,4,145.58442375
60.0,19,1,33.13791391666667
60.0,8,2,34.120083316666665
50.0,17,6,58.16048416666667
50.0,12,5,59.74172385
15.0,18,5,138.20891736666667
60.0,13,5,62.30815195
7.2,12,4,202.55065175
60.0,20,5,33.789891616666665
30.0,18,3,192.22976133333336
7.2,17,5,191.8120686
50.0,19,2,31.1868862
30.0,8,3,182.33743076666667
30.0,19,5,220.16812805
50.0,18,1,49.11637308333333
30.0,17,5,232.74425318333334
60.0,20,4,40.277749650000004
11.0,13,4,168.55814971666666
50.0,9,6,53.42601656666667
60.0,19,4,32.42349015
22.0,17,4,145.32515118333333
50.0,13,6,42.2530697
50.0,13,2,50.38940503333333
22.0,13,4,163.36548386666666
50.0,18,4,54.77715276666667
22.0,20,0,117.69843068333333
60.0,12,3,39.701446499999996
50.0,12,2,31.464789166666666
15.0,10,5,176.46443263333333
50.0,18,3,41.43236293333334
50.0,18,0,41.18023081666667
22.0,8,0,159.26188145
60.0,17,4,33.55832556666667
60.0,18,4,58.34531166666667
30.0,19,0,100.19170561666667
50.0,18,2,43.37014078333333
50.0,18,0,48.91926173333333
120.0,8,2,15.610715716666666
120.0,11,0,30.292191
30.0,16,6,191.12886863333333
150.0,17,2,18.19614485
50.0,18,6,56.484101083333336
60.0,18,2,57.56942886666666
11.0,19,2,182.61099860000002
30.0,16,4,179.40098085
150.0,22,0,24.95006895
30.0,9,1,149.4735577333333
22.0,20,1,167.56042515
50.0,17,1,38.008264833333335
120.0,9,0,24.344481133333332
50.0,14,2,61.420873750000005
120.0,21,5,20.732114683333336
30.0,16,1,221.12001963333333
7.2,19,1,123.95762398333333
22.0,20,5,94.47007288333333
50.0,18,4,57.65369198333334
7.2,13,3,211.16442856666666
11.0,19,2,94.5952313
7.2,19,3,140.34216028333333
50.0,13,3,55.23521326666666
15.0,20,0,165.46480241666669
7.2,18,5,116.70003828333333
7.2,17,3,211.6092251
30.0,8,4,150.49225355
7.2,8,5,184.59329653333333
60.0,18,5,64.88734906666667
60.0,19,2,63.669262466666666
120.0,13,5,19.611992333333333
30.0,13,3,141.91622610000002
50.0,18,1,40.114161083333336
50.0,21,5,59.960401299999994
30.0,15,3,218.58147981666667
60.0,19,4,33.464113016666666
11.0,11,1,227.57517773333333
50.0,9,5,38.81867075
7.2,12,1,96.21432501666666
11.0,8,6,181.21776898333334
120.0,12,2,18.059433266666666
150.0,18,2,23.2187132
50.0,20,3,63.15321453333333
50.0,11,0,55.26109916666667
50.0,20,3,50.85805915
60.0,15,4,58.33576335
120.0,11,2,28.009736966666665
120.0,10,0,33.551431433333335
60.0,17,0,35.396114383333334
50.0,17,2,42.391358483333335
50.0,9,1,33.13741976666667
150.0,9,0,18.682648566666668
22.0,13,3,92.03280808333334
50.0,21,5,49.93514051666667
22.0,19,6,150.89751613333334
120.0,11,0,27.599305483333335
11.0,19,4,136.42642388333334
11.0,9,0,91.19355415
60.0,12,2,51.41953493333333
120.0,17,5,17.07222685
50.0,18,5,30.958503599999997
30.0,20,0,230.18232325
50.0,13,2,54.774624083333336
30.0,21,6,120.15627726666666
60.0,19,3,52.461422999999996
60.0,17,4,44.47555006666666
50.0,18,1,42.01347391666666
7.2,13,6,209.69066220000002
30.0,18,3,233.7171033
22.0,12,3,154.07080251666667
30.0,11,4,137.6619169
50.0,18,2,59.9438711
150.0,17,4,26.40034525
50.0,13,0,64.04030866666668
30.0,17,1,171.5957737
50.0,21,4,47.55605821666666
22.0,18,2,235.62246861666665
50.0,19,0,47.6108792
120.0,20,1,23.703106283333334
50.0,19,1,51.289190366666666
15.0,19,4,149.50614296666666
15.0,20,4,208.24541841666667
50.0,8,5,35.66984183333333
15.0,11,0,161.65301904999998
50.0,18,4,42.16943538333333
150.0,19,2,17.798862116666665
150.0,18,0,31.115553083333335
65.0,13,5,45.21782268333333
7.2,21,1,212.04489491666666
50.0,12,0,57.17676455
50.0,17,0,51.29525618333333
150.0,11,1,25.775411733333332
15.0,15,3,137.76253648333335
120.0,10,3,16.39357595
50.0,20,6,38.379307583333336
11.0,19,6,183.51777658333333
50.0,11,0,57.7986425
11.0,19,5,158.02691288333332
50.0,18,5,61.96005098333333
50.0,18,6,64.92407223333333
11.0,19,0,122.09773843333333
60.0,21,1,40.9545969
11.0,9,4,106.64390106666666
50.0,8,3,59.48995193333334
50.0,12,1,35.9755336
50.0,19,0,44.1282373
50.0,14,2,41.50987155
50.0,22,3,62.683658199999996
60.0,13,4,32.98070368333334
50.0,20,4,34.82818628333334
11.0,9,0,103.07848821666667
50.0,18,5,64.4263217
60.0,12,3,33.74748246666667
30.0,11,1,131.40929168333335
120.0,20,5,22.56807395
50.0,18,1,47.515497800000006
11.0,12,1,111.3416421
60.0,12,5,60.9619136
60.0,12,6,56.61584773333333
22.0,9,2,197.44770453333334
150.0,11,5,26.561283749999998
60.0,15,5,30.8254781
120.0,13,0,34.87250196666666
7.2,19,0,113.02624281666667
50.0,20,2,47.613920349999994
50.0,17,6,46.65607981666667
11.0,9,6,139.10578273333334
30.0,18,2,231.55394135
22.0,17,6,209.20701625
150.0,13,6,17.262649216666667
50.0,17,3,37.777303583333335
120.0,18,3,15.891897016666666
50.0,19,0,33.97327356666667
22.0,20,2,130.4198681
50.0,17,5,36.32840136666667
120.0,10,4,18.821037283333332
60.0,16,4,54.514419116666666
30.0,10,6,169.56072113333332
11.0,19,2,203.53994371666667
11.0,9,0,154.54628616666665
50.0,11,4,59.083370933333335
11.0,22,6,104.87126691666667
60.0,12,3,49.76211765
7.2,18,4,119.67899983333334
120.0,8,6,25.451005733333332
50.0,13,6,35.84280066666667
50.0,18,0,36.406273733333336
50.0,11,4,30.76675545
120.0,11,1,28.458078049999997
22.0,19,4,193.06318178333333
150.0,12,3,25.775543916666667
7.2,11,0,134.75157116666665
7.2,19,1,152.84225568333335
50.0,20,5,30.20543878333333
120.0,19,6,21.16677375
120.0,20,2,23.064643116666666
150.0,19,1,34.705334549999996
150.0,20,6,23.049018683333333
11.0,20,6,155.21681098333332
50.0,19,3,42.95075493333333
50.0,18,2,44.164646700000006
15.0,19,3,90.01281399999999
150.0,11,5,31.27886103333333
15.0,11,6,239.16915419999998
120.0,9,2,23.746587299999998
120.0,13,3,34.581630866666664
150.0,19,6,28.964478366666665
60.0,15,2,47.01566341666667
7.2,18,3,110.28834188333333
50.0,22,3,54.27200268333333
60.0,18,3,40.83589228333334
50.0,18,1,41.423904
50.0,9,1,51.2545626
50.0,16,5,49.79328435
50.0,19,2,36.61146046666667
150.0,13,6,30.772048433333335
50.0,13,2,52.05610741666667
120.0,8,6,20.24744301666667
7.2,17,0,111.43836783333333
120.0,19,3,18.862171149999998
50.0,20,4,38.939623983333334
60.0,13,2,55.63592148333333
22.0,18,4,128.50317171666669
60.0,9,1,31.69789708333333
7.2,18,6,193.69524041666668
60.0,11,1,46.40253406666667
22.0,20,5,153.04269449999998
50.0,9,0,35.235347866666665
60.0,13,1,51.969058450000006
50.0,12,1,35.86768931666666
50.0,20,0,56.84556293333333
50.0,18,5,51.49642001666667
120.0,17,2,15.894249583333334
50.0,18,1,60.8868051
120.0,14,3,33.20024083333333
60.0,13,4,40.49618881666667
15.0,11,4,131.01861193333335
60.0,17,0,44.5465642
50.0,10,2,33.2825571
30.0,17,5,181.85108278333334
50.0,18,2,61.87117378333333
120.0,12,4,25.276655583333334
15.0,18,0,150.98192256666667
50.0,12,5,44.310018166666666
50.0,20,3,38.960909349999994
7.2,12,0,211.53597278333334
50.0,20,5,33.682923466666665
50.0,19,1,50.73365763333334
11.0,11,0,104.42722606666666
15.0,10,3,149.73478383333335
7.2,20,6,152.04171706666665
60.0,11,3,53.30592431666666
50.0,20,0,35.268274616666666
30.0,17,6,228.11710499999998
50.0,11,5,51.26501941666667
60.0,20,6,63.803411483333335
65.0,20,5,64.66431026666666
11.0,21,0,233.35812846666667
50.0,15,5,41.43597546666667
50.0,18,6,52.38448098333333
60.0,8,2,31.27444275
50.0,18,5,47.25453683333333
11.0,18,2,189.5823222
60.0,11,5,54.830331466666664
50.0,16,6,58.3650557
50.0,12,5,58.67923496666666
11.0,19,6,197.33131361666668
60.0,18,6,51.5228561
50.0,18,4,49.14830643333333
50.0,15,5,48.82558983333333
50.0,20,1,43.57423366666667
50.0,19,6,50.22147111666666
11.0,18,2,110.77245608333332
50.0,17,3,53.82220036666667
50.0,17,5,31.715362533333334
120.0,9,5,26.9878793
30.0,14,6,185.83834978333334
7.2,18,4,157.62044565
15.0,20,2,161.47355996666664
50.0,11,0,39.368962583333335
30.0,17,1,91.14811011666667
150.0,19,5,18.869242266666667
22.0,14,1,182.2489897
50.0,11,2,32.42349803333333
50.0,5,4,62.34445101666667
50.0,12,3,33.02262433333333
11.0,18,0,213.11330951666665
11.0,15,1,208.33044828333334
11.0,13,2,177.6794323166667
50.0,11,2,46.09615835
22.0,19,6,112.84408856666667
15.0,17,2,156.21017875
150.0,20,5,27.51128123333333
7.2,16,3,185.2584512
50.0,13,0,47.99396683333334
30.0,14,4,122.76645950000001
30.0,17,1,216.68045123333334
50.0,19,4,60.04653733333334
60.0,18,1,64.18796983333333
120.0,8,0,32.389759983333335
50.0,7,2,34.99935348333334
11.0,20,3,109.87719328333333
11.0,20,5,192.49799071666666
50.0,20,4,53.8855625
50.0,9,3,57.26889928333333
150.0,12,2,18.381179483333334
22.0,12,3,207.08149915
50.0,17,3,36.51225358333333
50.0,18,1,52.9346866
50.0,12,2,40.96178041666667
22.0,11,6,99.66208916666666
150.0,18,6,21.3144766
120.0,17,5,22.047981983333333
120.0,12,6,22.780349433333335
50.0,14,3,39.74580805
60.0,12,4,42.530262500000006
60.0,17,4,33.766389833333335
120.0,18,1,31.187561766666665
60.0,17,0,53.007950316666665
11.0,20,2,117.18578958333333
7.2,13,0,146.78200544999999
50.0,13,2,39.414599816666666
60.0,20,1,57.935939733333335
50.0,9,5,57.9447282
150.0,13,4,20.564776849999998
11.0,13,6,154.17488576666668
50.0,12,2,35.16004095
15.0,14,6,201.41769166666666
50.0,9,5,41.699880066666665
50.0,20,2,59.788703133333335
50.0,11,4,32.4548853
50.0,18,2,46.154539549999996
120.0,17,3,16.095902966666667
30.0,12,1,170.59058403333333
50.0,18,5,58.23559065
120.0,9,5,17.5427055
11.0,12,1,118.47139618333334
60.0,18,1,41.943512033333334
11.0,22,1,115.57488268333333
50.0,11,2,51.548960816666664
150.0,18,1,24.0231037
60.0,11,1,38.31792471666667
50.0,21,2,38.60621581666667
50.0,13,0,48.505218666666664
50.0,10,0,30.64652358333333
50.0,17,6,61.056290383333334
50.0,19,4,31.317370216666667
30.0,16,5,220.5700502
50.0,17,6,35.360495300000004
7.2,10,4,202.25824400000002
11.0,17,2,161.38031006666668
120.0,18,1,32.3025787
50.0,18,6,43.77277681666667
11.0,10,4,115.14664073333333
50.0,20,2,46.15178198333333
7.2,18,3,228.50198193333333
50.0,16,0,37.934884499999995
30.0,14,3,152.26208348333333
50.0,11,1,64.18609978333333
50.0,18,0,63.292688649999995
120.0,13,2,24.663369566666667
50.0,11,5,46.35438625
120.0,20,2,26.591543466666668
50.0,20,5,47.62199508333333
50.0,17,2,30.417705533333333
22.0,19,5,158.03182858333332
15.0,20,5,141.04287913333334
50.0,18,2,40.73356975
50.0,14,2,44.27032648333333
50.0,13,3,36.033694350000005
50.0,20,6,41.3091545
7.2,15,0,204.01989496666664
120.0,17,4,31.22219971666667
30.0,12,0,112.0709365
120.0,17,1,33.170952916666664
120.0,20,2,26.309925533333335
22.0,20,3,108.7339426
30.0,20,6,160.47403126666669
150.0,20,5,20.404212766666667
50.0,19,1,55.12413456666666
50.0,10,1,50.13229973333333
11.0,13,1,186.73818123333334
60.0,18,0,60.279424866666666
50.0,21,1,35.50488861666667
7.2,18,6,218.37763923333333
120.0,19,3,27.63607228333333
120.0,17,4,18.796949333333334
50.0,19,1,48.4604778
7.2,15,5,196.78812501666667
11.0,11,5,143.14851301666667
50.0,8,2,59.38772421666667
50.0,11,6,30.461635750000003
60.0,13,2,45.83195703333333
120.0,12,2,17.295169516666665
50.0,17,6,40.50711955
11.0,11,6,111.45218688333333
15.0,9,4,131.23357213333333
15.0,18,3,228.16607255
11.0,11,6,150.90695818333333
22.0,16,5,100.77239898333333
50.0,22,2,38.16527305
50.0,18,6,63.653515983333335
60.0,9,4,51.313531616666666
15.0,9,4,144.09288311666666
30.0,12,5,101.06993751666667
11.0,8,3,129.35990801666668
15.0,22,1,181.1326046
60.0,18,2,62.76988443333333
50.0,18,2,57.36073233333333
150.0,17,1,34.02775861666667
15.0,20,2,133.7495467
50.0,11,0,49.06689985
50.0,10,4,48.821815750000006
50.0,20,1,60.4920036
30.0,8,5,214.52033165
11.0,15,4,135.62409956666667
120.0,12,3,31.046833083333336
50.0,8,6,45.72245336666666
50.0,13,2,30.271684049999998
60.0,12,4,37.71143453333333
30.0,19,1,131.5039528
30.0,18,5,196.59576713333334
150.0,17,0,18.866103633333335
50.0,19,0,54.882732000000004
22.0,12,6,174.54012045
150.0,13,5,20.133397933333335
50.0,14,3,59.23011403333333
30.0,14,0,101.08285585
30.0,20,6,208.39289498333335
60.0,20,0,45.39862491666667
50.0,10,2,34.7715799
50.0,18,1,36.097006400000005
150.0,18,3,16.164303166666667
60.0,20,6,54.61653228333333
50.0,18,1,44.156223866666664
60.0,20,0,33.094126116666665
30.0,18,2,106.39204781666668
150.0,17,0,20.293944500000002
30.0,18,5,172.14649885
11.0,17,6,131.6452378
120.0,11,5,26.087688183333334
22.0,11,2,142.8215875
150.0,8,0,17.79019655
60.0,18,0,56.412246833333334
50.0,10,6,44.2344964
50.0,19,1,58.35372948333334
50.0,9,0,59.449311216666665
7.2,11,3,233.83305291666665
50.0,18,6,58.65133198333333
50.0,8,3,34.69013091666667
22.0,21,1,134.90541238333333
15.0,19,0,177.41243206666667
15.0,13,1,107.07799271666666
50.0,11,6,35.696640466666665
50.0,19,2,61.894927599999995
30.0,13,5,143.71589441666666
120.0,21,0,26.87615955
50.0,12,2,60.858973750000004
120.0,18,2,19.704155383333333
50.0,18,4,45.47927396666667
50.0,18,3,52.070739483333334
50.0,13,4,63.43483681666667
30.0,12,2,150.9581303
30.0,15,2,132.76257411666668
120.0,17,2,21.260890166666666
60.0,12,0,33.14517658333333
50.0,9,0,55.513188766666666
30.0,19,6,205.44267126666668
22.0,19,3,182.17570805
7.2,20,6,206.5068113
120.0,12,5,23.832835566666667
50.0,12,6,63.335637199999994
50.0,19,0,45.206642949999996
50.0,19,6,45.601980616666665
50.0,15,3,42.93351813333334
60.0,19,0,51.25160806666667
60.0,11,2,33.27671073333333
50.0,19,1,42.17532176666667
50.0,12,1,49.7498093
15.0,19,1,208.03380268333333
60.0,17,1,34.576878083333334
50.0,13,3,52.57235396666667
7.2,17,5,131.4306996
50.0,20,2,55.029294150000005
30.0,20,5,150.1757824
30.0,17,2,163.55935526666664
7.2,9,0,105.93251943333333
7.2,22,1,138.68191854999998
22.0,10,0,153.32887933333333
50.0,12,4,58.96935205
50.0,19,6,51.168689533333335
7.2,12,4,136.26622751666667
50.0,18,6,51.67554103333334
50.0,5,1,50.25282796666667
50.0,8,0,62.911283850000004
150.0,12,6,18.90843358333333
30.0,12,3,171.05034553333334
30.0,9,4,102.24292995
50.0,20,2,50.98776171666667
120.0,13,1,21.429860183333336
50.0,19,4,59.83749688333333
30.0,19,6,171.46208788333334
60.0,15,0,51.907167566666665
11.0,2,3,153.77179928333334
7.2,13,6,117.51430208333333
50.0,11,0,43.331152100000004
22.0,12,3,107.78174838333332
15.0,8,3,178.67423828333332
30.0,16,6,131.26143476666667
50.0,18,1,48.67872836666666
50.0,19,2,45.81844726666667
120.0,20,5,24.7846607
50.0,12,4,36.419822233333335
50.0,13,1,61.968142449999995
150.0,18,1,24.2488027
50.0,13,3,50.03875863333334
120.0,9,3,34.28653633333333
50.0,12,6,48.10125998333333
22.0,12,3,191.77368990000002
50.0,18,0,41.85044595
120.0,20,2,23.940562566666664
15.0,12,2,223.89172006666666
50.0,20,4,61.724071783333336
150.0,18,4,29.876361583333335
50.0,13,2,64.28315675
15.0,17,6,134.57312965
50.0,13,6,44.226277716666665
50.0,8,1,50.41676005
50.0,19,5,53.64214703333334
50.0,17,6,52.80804883333334
50.0,21,5,41.911599816666666
60.0,13,0,55.78374966666667
50.0,19,2,46.76972021666666
50.0,19,0,37.758231583333334
50.0,14,3,63.49263778333333
120.0,11,3,19.544042649999998
22.0,17,1,205.83690758333333
150.0,19,2,29.897001016666664
50.0,11,6,52.52541033333333
50.0,11,5,33.87308065
11.0,17,4,190.24907253333333
60.0,8,2,58.55840978333333
15.0,12,3,125.81371013333334
50.0,12,1,32.67056196666667
60.0,12,0,64.07440751666667
11.0,20,0,142.46132528333334
50.0,19,2,43.99075031666666
50.0,17,6,50.517827966666665
50.0,10,1,41.95889111666667
60.0,11,3,33.792451983333336
22.0,12,5,154.66417091666665
50.0,20,0,61.54481738333333
50.0,18,6,45.99717461666667
120.0,16,6,29.5305532
60.0,10,2,44.93121851666667
11.0,12,2,155.5302015
22.0,22,4,95.9597391
150.0,17,2,26.5573735
50.0,17,6,33.36935975
11.0,21,2,238.957035
50.0,13,5,33.06878355
120.0,11,0,15.474713533333333
50.0,9,0,59.52094158333333
11.0,15,4,173.14734566666667
30.0,11,1,186.78006553333336
7.2,19,0,118.68202191666666
150.0,18,2,25.32297175
50.0,11,6,44.9633177
50.0,13,6,57.04372345
150.0,21,3,19.901220216666665
11.0,17,0,108.52082543333333
50.0,14,2,34.32927466666667
50.0,16,1,38.04964545
7.2,17,3,209.14855195
50.0,15,6,46.372596333333334
120.0,19,6,28.607949616666666
50.0,12,0,55.47580705
11.0,16,1,142.53225268333333
50.0,13,0,63.7186485
50.0,20,4,49.580128916666666
50.0,19,1,30.64880595
11.0,16,6,94.43341568333334
60.0,18,5,59.00957686666666
50.0,10,3,37.04165213333333
11.0,20,1,187.96781455
50.0,18,1,50.29667463333333
22.0,17,5,92.95814351666667
15.0,14,0,210.19022075
15.0,21,5,209.99860961666667
15.0,16,6,224.55803636666667
50.0,19,2,33.455569849999996
22.0,17,6,183.48076046666665
50.0,13,1,33.07020343333333
120.0,17,3,34.1529178
150.0,18,5,30.49826961666667
50.0,13,1,51.235113383333335
30.0,21,2,142.92106573333334
60.0,22,3,62.95813401666667
30.0,9,2,140.6329853
50.0,20,3,64.03515023333334
60.0,11,1,31.17587513333333
60.0,16,5,46.1635452
150.0,20,6,19.826584500000003
150.0,17,4,29.07271293333333
60.0,12,4,34.566161400000006
120.0,17,1,26.355316249999998
50.0,11,3,63.871428183333336
22.0,12,3,199.14833808333333
150.0,8,1,34.6995974
50.0,17,0,52.10732235
22.0,20,2,118.09466313333334
11.0,18,0,206.71759986666666
50.0,19,2,35.87059345
15.0,17,6,102.51618348333334
120.0,14,2,30.58612645
22.0,18,5,225.41549871666666
60.0,15,5,63.28372591666667
15.0,18,6,232.32463074999998
22.0,9,2,165.72023668333335
22.0,19,0,126.40177351666667
150.0,10,4,18.16075161666667
15.0,10,5,130.6342695
50.0,19,4,40.08956831666667
50.0,17,5,58.44684598333333
50.0,19,2,38.48209493333333
50.0,22,2,57.622089466666665
50.0,11,4,47.09181626666667
50.0,13,1,45.209196883333334
30.0,10,0,148.91937019999997
7.2,20,5,139.62778356666666
50.0,20,3,61.77226063333333
22.0,18,0,100.37859623333334
50.0,12,6,37.647921966666665
30.0,13,2,226.27573556666667
50.0,12,5,37.189823749999995
60.0,20,1,45.294280283333336
50.0,18,2,48.575261633333334
50.0,17,2,48.842073066666664
60.0,20,0,52.23360051666667
50.0,17,6,53.80193048333333
50.0,15,2,36.557794433333335
30.0,20,4,184.0461707
50.0,13,3,35.24670776666667
30.0,11,0,209.07046473333332
60.0,9,5,46.95493235
11.0,20,5,189.94420045
60.0,20,3,57.97628328333334
15.0,20,3,233.5486292
50.0,18,4,34.95764746666667
60.0,21,4,56.54231073333334
120.0,14,5,27.020732950000003
50.0,14,0,31.81120955
7.2,9,0,105.69517651666666
150.0,14,1,27.4971081
22.0,12,2,187.8714703
120.0,17,6,24.046391766666666
11.0,18,4,99.62165279999999
7.2,13,0,106.83257406666667
11.0,9,3,134.87928421666666
60.0,20,6,43.213762333333335
50.0,17,2,63.2997867
60.0,12,3,37.10588586666667
150.0,12,6,23.765078983333336
22.0,9,2,97.36522248333334
30.0,22,2,227.0682141833333
50.0,13,6,40.92922505
11.0,20,6,115.33960668333334
50.0,8,6,42.478827
22.0,20,5,162.95158943333334
50.0,19,4,31.63827481666667
50.0,17,5,54.073205216666665
60.0,15,0,30.166149883333333
30.0,14,3,221.87810623333334
50.0,19,3,60.429989866666666
120.0,16,1,17.190107366666666
50.0,17,1,62.1019626
120.0,19,6,30.567736533333335
11.0,17,6,198.98773493333334
11.0,12,1,238.76817235
50.0,18,4,40.27309976666666
60.0,18,2,55.17513665
11.0,17,1,195.4405000333333
50.0,11,1,35.83325838333334
50.0,10,4,30.293957350000003
22.0,8,3,204.20465553333332
30.0,10,1,210.67983326666666
120.0,15,3,29.548141183333332
150.0,11,5,34.61856796666667
120.0,12,6,31.174515233333334
15.0,16,3,165.19641321666668
65.0,7,2,42.70635528333333
50.0,8,4,54.091878433333335
120.0,12,1,20.924011216666667
60.0,17,4,46.87246238333333
11.0,10,3,161.5339740166667
60.0,14,3,46.174247683333334
50.0,19,5,45.82895653333333
150.0,13,2,22.581457483333335
50.0,19,3,54.47496781666667
15.0,17,0,117.00620888333333
120.0,11,4,32.349027766666666
7.2,13,0,227.57307816666668
60.0,13,4,52.96912821666667
60.0,18,5,54.93061531666667
50.0,12,6,46.59711668333333
11.0,20,6,110.31114035
11.0,1,4,123.41953955000001
50.0,9,0,62.71204933333333
50.0,10,3,62.76079035
150.0,19,2,15.078097016666668
15.0,18,0,179.33951708333333
50.0,10,2,62.110913
50.0,17,0,53.01977773333333
11.0,8,4,184.38089056666666
50.0,13,2,34.917368
60.0,18,5,55.08372296666666
30.0,13,4,206.9223079
50.0,8,4,49.57435521666666
50.0,20,5,41.48733335
50.0,20,0,34.01031925
30.0,13,4,194.40177938333332
30.0,11,6,205.5621260833333
11.0,13,0,105.39709258333333
60.0,16,6,62.96363525
15.0,17,0,192.32807173333333
15.0,8,4,90.36460016666666
50.0,14,0,63.8709708
50.0,18,0,34.3880973
50.0,20,4,47.6621786
11.0,12,3,105.81002778333333
50.0,12,0,44.92074396666667
15.0,19,5,99.05182458333334
50.0,19,4,64.07816738333334
11.0,19,3,223.46369676666666
120.0,13,2,29.728911966666665
30.0,18,2,165.04861951666666
30.0,18,1,104.17364436666666
22.0,18,5,144.72023851666665
50.0,11,3,35.29055863333333
150.0,11,6,21.107071933333334
60.0,13,1,31.286982666666667
15.0,8,4,217.77006211666668
50.0,19,1,37.851055216666666
7.2,11,4,229.70225106666666
50.0,13,2,42.98917960000001
30.0,18,6,200.66274005
50.0,10,6,36.212562850000005
120.0,12,0,21.880680466666668
50.0,11,0,32.292694383333334
50.0,8,3,44.77964321666666
50.0,21,3,31.168301516666666
150.0,9,2,19.637702416666666
50.0,13,6,42.46269171666667
15.0,8,5,222.63778259999998
50.0,12,3,47.25130925
7.2,20,2,231.75373091666668
60.0,21,5,58.02562943333333
30.0,20,6,164.76217613333336
22.0,20,3,147.75659291666668
60.0,10,5,34.112558766666666
30.0,15,4,98.68661234999999
30.0,13,1,179.3545107666667
50.0,11,1,38.53667278333333
60.0,19,2,38.859141799999996
15.0,19,4,239.1536681833333
50.0,10,2,52.90734993333333
50.0,12,3,59.45235105
50.0,13,3,48.39260513333333
22.0,21,4,213.72411236666667
50.0,12,4,39.2108681
30.0,9,2,126.35047391666667
60.0,17,4,55.15436736666666
150.0,13,2,16.003911966666667
120.0,20,6,31.866888133333337
7.2,17,1,222.84650543333333
15.0,12,6,214.30063948333333
11.0,9,4,128.50027611666667
30.0,13,1,145.36410096666665
30.0,21,2,108.5788485
60.0,18,3,52.76949846666666
50.0,19,1,31.600926483333335
120.0,19,5,31.1681727
15.0,18,4,222.43166463333333
22.0,20,6,148.08154935
60.0,11,5,52.75374193333334
11.0,21,5,138.09624991666666
7.2,19,5,210.14628995
50.0,12,4,46.548766816666664
50.0,12,5,37.763982283333334
50.0,10,0,60.70926465
50.0,18,4,47.487561166666666
30.0,19,0,168.5457112166667
60.0,13,3,30.8133091
50.0,20,2,44.576702866666665
50.0,21,5,38.44237458333334
120.0,11,4,19.520635716666668
120.0,12,2,30.764967266666666
11.0,19,6,127.93265531666665
7.2,21,1,209.90650939999998
50.0,17,6,41.89561856666667
30.0,21,5,239.09219118333334
60.0,17,4,41.07496183333333
50.0,19,6,42.076783549999995
11.0,9,3,182.04130825
7.2,16,3,187.59843478333332
150.0,12,5,30.8829622
15.0,21,2,109.50028586666667
7.2,22,6,227.1720698
30.0,20,5,189.77131136666668
7.2,8,4,224.62124018333333
150.0,20,4,18.270374183333335
150.0,11,5,31.573574266666665
50.0,18,4,51.67342073333334
60.0,19,1,30.095018033333336
11.0,17,6,185.24178753333334
30.0,17,6,175.15718571666667
150.0,13,1,18.74792113333333
50.0,8,6,52.48962100000001
50.0,11,2,50.79494828333333
50.0,20,3,61.23886688333334
150.0,20,5,15.669636016666667
7.2,12,4,215.2590952
150.0,17,0,25.91333385
22.0,18,1,92.85075568333333
50.0,11,0,32.117059516666664
120.0,12,1,29.7222086
30.0,10,2,113.77985898333333
150.0,20,6,31.978213866666668
50.0,19,6,41.16863408333334
7.2,17,3,106.9394171
22.0,17,6,168.84140928333332
120.0,17,6,15.48612115
7.2,17,4,217.08817953333335
50.0,19,4,34.62163821666666
11.0,12,6,174.51974658333333
50.0,17,1,47.88049355
50.0,18,0,46.15168926666667
30.0,19,4,207.44921618333333
50.0,19,1,62.10862933333333
30.0,13,2,118.23113306666667
150.0,19,2,18.272687466666664
120.0,18,2,22.123643383333334
22.0,11,6,169.51250805
50.0,11,4,64.23943663333334
50.0,10,2,35.85897035
65.0,17,2,51.95435503333333
11.0,12,3,156.78513161666666
22.0,8,4,144.88625034999998
50.0,4,6,37.056595099999996
15.0,19,4,228.87619718333332
7.2,11,0,113.97962743333332
120.0,10,1,21.334035133333334
60.0,14,4,38.936314466666666
50.0,19,1,49.915386633333334
120.0,20,0,25.71446135
50.0,22,1,45.33554498333333
22.0,19,5,183.69682385
22.0,12,5,168.50563904999998
50.0,18,2,43.547319333333334
65.0,11,0,33.77928696666667
22.0,18,5,181.6245657166667
60.0,18,5,37.0604453
30.0,18,6,148.29793518333332
50.0,13,4,51.054930633333335
50.0,18,5,33.72091846666667
50.0,17,4,48.694910400000005
30.0,12,2,101.43851693333333
11.0,15,6,185.58964385
15.0,13,2,222.63503191666666
7.2,10,4,158.24418121666668
30.0,14,3,233.60274263333335
50.0,19,2,55.27066203333333
22.0,18,3,217.79583261666667
50.0,19,1,38.503181049999995
11.0,18,2,205.03134221666667
50.0,13,4,50.48970798333333
50.0,18,3,36.2931119
150.0,13,2,22.725125266666666
30.0,12,6,147.11696376666666
50.0,12,3,45.90899875
60.0,12,2,37.49024315
50.0,8,2,46.614502949999995
120.0,17,6,16.998472833333334
50.0,21,1,61.02302918333333
60.0,13,3,39.27634603333333
50.0,8,0,57.07468516666667
11.0,12,3,184.34937416666668
15.0,12,3,178.38483323333332
22.0,17,2,181.62850388333334
50.0,12,4,38.740381250000006
60.0,13,3,31.141105533333334
50.0,13,0,50.672526016666666
50.0,20,1,30.498939133333334
30.0,21,4,239.78459648333333
11.0,8,2,113.20259511666667
7.2,19,5,212.40618088333335
50.0,13,6,33.355756066666665
120.0,13,4,22.109856083333334
30.0,17,5,134.00958226666665
50.0,13,2,53.42771033333334
65.0,13,1,42.04777918333333
50.0,22,3,34.768104900000004
50.0,8,3,62.8722519
60.0,19,4,46.46150911666667
50.0,15,0,30.9694285
120.0,12,0,28.795739299999997
150.0,12,0,16.992682883333334
15.0,13,3,112.61214079999999
11.0,14,3,224.48782328333334
50.0,20,4,51.438349366666664
60.0,19,3,56.78651475
120.0,17,0,31.058287783333334
60.0,8,5,62.838582933333335
50.0,9,5,46.043020299999995
50.0,11,5,45.766551166666666
50.0,19,2,31.48284196666667
22.0,9,5,141.30090141666668
50.0,18,4,44.7479763
60.0,18,2,58.061749166666665
50.0,13,4,56.590513933333334
120.0,12,5,19.81540408333333
50.0,19,6,48.32989835
15.0,8,5,101.0076797
30.0,8,2,99.75602269999999
50.0,15,4,35.096897
120.0,21,4,31.226748316666665
50.0,9,0,59.39463958333333
11.0,17,4,222.96152451666666
11.0,12,4,234.64001323333332
150.0,14,3,33.42916041666667
50.0,13,2,45.407627033333334
60.0,11,4,58.648369949999996
7.2,14,6,90.15586263333333
60.0,20,5,39.30514295
30.0,19,6,171.13941383333335
50.0,9,4,55.835579233333334
30.0,14,6,92.95975324999999
30.0,22,3,203.32355776666665
50.0,22,2,61.92097163333334
50.0,15,5,31.94258593333333
120.0,17,1,16.287801366666667
50.0,18,6,37.078965499999995
30.0,12,2,226.9629886
22.0,20,1,194.74522435
60.0,21,6,49.219024383333334
50.0,21,0,49.245474599999994
50.0,9,2,49.093911000000006
30.0,18,4,233.49068475
15.0,18,2,187.97386611666667
150.0,13,4,28.370512066666667
22.0,20,4,214.8599659333333
11.0,8,5,154.62999053333334
50.0,11,1,64.56654698333334
60.0,14,1,51.680744
50.0,12,6,44.719094133333336
22.0,20,1,191.57384498333334
22.0,11,6,166.96394768333332
60.0,8,5,41.356010149999996
7.2,18,2,105.1465698
50.0,16,5,53.21069113333333
50.0,20,5,48.06926763333333
120.0,9,4,20.276780816666665
50.0,12,4,50.039898099999995
11.0,18,4,137.15380754999998
30.0,20,1,191.68327563333332
22.0,10,2,182.71911601666667
50.0,9,6,55.12074818333333
50.0,17,6,36.90389255
60.0,12,3,48.50161573333333
50.0,20,0,45.3354058
22.0,13,3,98.29046983333333
150.0,8,3,33.46203143333334
50.0,13,1,64.6960519
50.0,12,2,49.94045096666667
30.0,17,1,229.76554251666667
150.0,17,3,28.740794349999998
50.0,19,5,50.57915471666667
22.0,13,5,206.77738558333334
60.0,20,4,53.85494885
60.0,16,3,30.49212848333333
50.0,15,1,58.49744145
50.0,14,1,38.6291658
22.0,9,2,139.39644726666666
30.0,19,5,100.27443568333334
15.0,10,5,139.44243833333334
50.0,20,1,57.954680966666665
50.0,11,6,53.88664681666667
50.0,20,3,63.727867100000005
15.0,17,3,116.05863168333333
30.0,17,1,213.9051059
50.0,21,4,39.549827449999995
50.0,16,6,48.9525707
50.0,9,2,47.016719716666664
50.0,19,0,45.30269826666667
65.0,13,2,61.39834451666666
7.2,9,1,124.71968478333334
30.0,11,3,103.20611733333334
30.0,14,1,147.32635061666667
50.0,1,4,55.87505631666667
50.0,21,6,32.126110016666665
120.0,17,2,18.136202883333333
150.0,20,5,23.892887299999998
50.0,13,4,34.94215093333333
30.0,17,2,222.20056325
50.0,11,5,55.09622336666666
7.2,20,4,154.26161181666666
50.0,22,3,47.48317108333333
50.0,12,1,58.59556245
50.0,18,6,59.259482883333334
22.0,17,3,171.41763501666668
60.0,13,4,33.14316138333333
150.0,17,3,26.739217083333333
120.0,9,0,25.474362766666665
50.0,18,5,38.49598146666666
15.0,19,5,126.85280056666667
15.0,8,4,141.10645516666668
11.0,14,2,142.1135973
50.0,20,2,58.60121896666667
50.0,19,5,46.316815649999995
22.0,13,1,209.58204253333332
120.0,18,1,34.41379455
60.0,20,0,33.3939698
60.0,19,1,39.45940615
50.0,13,0,59.27265655
11.0,22,5,135.49321626666668
22.0,19,5,111.58904165
7.2,18,5,148.26096635000002
120.0,17,3,34.9177018
150.0,11,5,16.47751025
22.0,19,5,100.3642178
150.0,9,3,34.72072996666667
60.0,8,0,61.144049216666666
150.0,21,0,23.78208933333333
150.0,12,0,28.15547228333333
50.0,18,5,58.06861496666667
50.0,21,2,47.4869542
150.0,19,5,31.77598073333333
22.0,20,4,195.91639311666668
50.0,18,0,44.02169685
30.0,12,6,94.74696081666666
50.0,20,4,46.295649616666665
15.0,12,1,138.95374636666665
50.0,20,5,59.44464523333333
50.0,19,1,57.15237355
30.0,18,0,118.3044974
15.0,19,5,128.59154813333333
60.0,8,4,49.011996950000004
50.0,9,2,37.523364900000004
50.0,10,6,53.34623673333333
15.0,13,2,113.85738945
15.0,13,3,147.57417124999998
22.0,13,0,236.54103488333334
50.0,19,6,61.40987198333333
50.0,13,1,45.976926533333334
30.0,14,0,216.56814851666667
50.0,13,5,30.095464383333333
60.0,18,1,59.601243
50.0,18,3,48.71805965
50.0,14,4,34.44834971666667
50.0,8,5,58.0576321
60.0,12,1,33.32356286666667
150.0,21,1,22.94762855
50.0,17,6,43.14509903333333
50.0,20,3,39.15344795
50.0,13,0,48.996105166666666
120.0,19,6,32.40286111666667
60.0,13,6,57.42824816666667
120.0,12,4,27.877472633333333
30.0,16,0,102.95835468333333
50.0,14,5,56.697881599999995
60.0,21,6,50.29962498333334
15.0,11,4,188.65328065
50.0,20,5,45.613771033333336
15.0,11,1,93.75984055
50.0,17,0,64.85551291666667
150.0,9,6,22.869088366666666
120.0,21,1,23.67379575
50.0,19,1,34.94849775
150.0,13,3,33.61290565
22.0,12,4,131.94599811666666
50.0,19,3,47.58716186666666
60.0,11,2,56.0416508
30.0,20,0,169.42330404999998
60.0,20,6,47.896355983333336
30.0,17,6,153.38809233333333
120.0,19,3,30.906339733333333
60.0,8,5,59.86340993333333
50.0,10,6,33.262112333333334
50.0,21,4,36.4592181
120.0,19,0,34.56060273333333
150.0,18,3,32.30511523333333
30.0,11,3,216.73458691666667
7.2,12,4,163.70962444999998
30.0,19,0,222.7359517
120.0,12,1,19.783180016666666
50.0,16,0,46.38832983333334
30.0,8,3,152.98341003333334
22.0,16,4,156.78001111666666
50.0,14,3,47.896410583333335
50.0,11,3,45.13936596666667
50.0,20,6,62.741762699999995
11.0,8,5,140.65398480000002
15.0,12,5,177.49191825
22.0,14,0,133.36091625
30.0,17,4,182.36292718333334
22.0,18,2,118.25107958333334
50.0,11,5,30.499206883333333
30.0,19,6,110.7347602
60.0,19,6,30.535742083333332
30.0,17,3,93.72182765
150.0,19,1,33.87456183333333
11.0,19,1,121.75890115
60.0,11,0,36.8889026
50.0,20,5,40.70222008333334
50.0,14,3,34.1870105
50.0,15,0,48.473975483333334
120.0,18,3,28.741322183333335
50.0,12,1,58.75688136666667
50.0,12,3,31.762550816666664
50.0,12,5,45.43561881666667
60.0,17,5,46.89724185
60.0,10,6,51.69198853333333
15.0,13,6,234.2766778666667
120.0,8,4,15.25247255
50.0,18,5,62.6217835
50.0,17,1,57.85696728333333
120.0,13,1,16.487613683333333
50.0,13,0,31.378809983333333
30.0,12,1,163.57995208333332
30.0,11,4,114.15769836666666
50.0,12,3,30.014164816666668
50.0,19,0,63.37534
50.0,18,0,48.662753683333335
150.0,12,6,18.364794116666666
50.0,12,5,43.886879
11.0,16,0,152.90576316666665
50.0,10,0,43.378274133333335
50.0,20,5,39.773218283333335
15.0,20,0,191.5119605666667
30.0,13,0,162.78316033333334
50.0,12,3,63.8766722
60.0,20,0,44.345057966666666
11.0,12,3,125.77260055
7.2,18,2,172.46948695
50.0,20,2,55.41948981666667
50.0,19,1,50.5068352
22.0,19,2,113.76345093333333
11.0,18,3,101.57368341666667
30.0,18,0,191.19824156666667
50.0,18,4,42.99136733333333
7.2,13,3,200.60849713333334
150.0,1,6,15.801769866666666
22.0,19,3,175.15924778333334
11.0,9,1,131.30769064999998
150.0,8,6,30.158521150000002
50.0,20,6,42.30237645
120.0,13,0,24.218557083333334
50.0,10,2,60.1630036
50.0,18,5,47.69021693333333
50.0,10,0,48.06030041666667
60.0,12,6,51.92371501666666
150.0,21,4,22.722240483333334
15.0,17,4,131.44297893333334
11.0,16,2,185.28977410000002
50.0,18,5,32.46684658333333
50.0,9,3,51.933058550000005
11.0,12,1,102.20359948333333
50.0,17,2,50.94589953333333
22.0,8,3,153.37406826666665
50.0,11,1,55.05342373333334
11.0,9,2,102.88365998333333
11.0,9,0,149.64272758333334
11.0,20,6,179.78603611666668
30.0,15,0,174.9823747
50.0,8,0,35.94866003333333
22.0,10,3,194.70845196666667
50.0,16,6,45.3723139
50.0,18,2,42.04646215
15.0,8,3,226.74234535
150.0,18,6,32.10666806666667
60.0,19,4,53.539810116666665
60.0,17,2,43.29262851666667
11.0,18,6,198.09927563333335
50.0,11,1,56.55961023333334
50.0,19,6,58.63094801666667
11.0,10,2,103.22889985
11.0,19,3,106.91843273333333
30.0,12,1,133.20943953333332
150.0,20,3,25.6596637
60.0,17,5,57.177912983333336
30.0,11,6,181.23988201666668
7.2,8,1,228.5432050166667
7.2,19,4,173.61235081666666
120.0,22,5,16.346713883333333
50.0,13,5,33.28619981666667
150.0,10,5,24.33632265
50.0,10,3,40.1628137
30.0,17,0,198.16762665
50.0,19,3,57.77360718333333
30.0,8,1,152.63987966666667
11.0,18,5,137.16853236666665
150.0,5,0,20.568710483333334
50.0,19,2,62.96390891666667
30.0,8,1,161.8315784
30.0,17,2,151.04705276666667
150.0,19,4,16.467907116666666
60.0,17,0,44.1350127
15.0,17,6,154.74773406666665
7.2,19,0,223.0589282
30.0,12,0,94.67132561666668
60.0,19,1,40.28308353333333
60.0,19,5,46.20320315
30.0,17,4,176.46605818333333
120.0,17,6,16.417339133333332
50.0,11,5,54.50941015
30.0,18,0,191.52757276666668
50.0,13,6,42.26419096666667
22.0,12,6,179.91997435
11.0,14,6,112.11663404999999
60.0,17,3,35.836315666666664
150.0,11,4,23.931979266666666
11.0,12,4,188.81151728333333
11.0,18,6,234.11281416666668
50.0,12,6,46.65674671666667
11.0,10,4,125.25632435000001
60.0,18,4,49.991898066666664
50.0,10,6,44.5159752
50.0,19,1,64.71616076666666
50.0,14,2,38.18503081666667
11.0,19,2,236.5673551666667
60.0,19,0,31.668298783333334
50.0,9,1,44.2812973
22.0,18,5,224.74228353333334
50.0,12,0,31.509525666666665
50.0,12,6,33.55981703333334
50.0,20,4,54.7741406
11.0,17,1,160.41210603333332
50.0,18,2,53.374347400000005
30.0,19,1,183.24700338333332
30.0,17,1,97.52150028333334
60.0,22,4,41.30292118333333
50.0,19,4,58.583158983333334
30.0,17,5,198.85290965000002
50.0,11,2,43.97153541666667
120.0,13,1,18.12544525
50.0,18,5,62.1608126
22.0,22,0,109.59954214999999
120.0,9,2,30.832069666666666
50.0,11,3,31.415476133333335
50.0,13,4,64.6279801
11.0,17,3,121.99141719999999
30.0,18,4,200.94662803333333
30.0,8,6,169.00939218333332
50.0,18,3,51.45896753333333
15.0,8,5,134.63247535
60.0,18,6,53.42684438333333
50.0,18,1,51.28611256666667
7.2,17,0,208.085611
15.0,22,2,120.65215833333333
50.0,12,0,45.51332756666667
150.0,10,6,15.166645616666667
7.2,19,1,196.82433598333333
30.0,20,4,237.85802535
50.0,17,5,61.09246695
11.0,22,4,220.71287908333335
30.0,18,2,124.43691086666666
60.0,18,2,58.09727051666667
120.0,10,5,28.399948583333334
50.0,17,0,53.075641716666674
50.0,13,6,30.73344216666667
60.0,12,0,45.85113666666667
11.0,17,1,191.39834893333332
50.0,19,3,38.325112383333334
60.0,11,0,58.03906486666666
7.2,19,2,101.3735272
50.0,17,2,63.46104501666667
50.0,17,4,36.509406616666666
60.0,11,0,39.34947855
60.0,19,6,56.15139981666667
120.0,18,5,29.240363533333333
50.0,19,4,56.657835633333335
30.0,18,2,235.40669841666667
150.0,13,3,15.396859833333334
30.0,18,1,213.63085936666667
22.0,20,2,138.2400416
50.0,17,0,40.90615495
50.0,8,5,38.26706571666667
50.0,15,0,34.78696835
50.0,19,3,45.568801183333335
150.0,19,2,33.70635028333333
60.0,12,2,54.76505015
60.0,20,1,46.285667716666666
50.0,18,3,32.458092533333335
50.0,19,2,38.15472236666667
120.0,9,5,19.781317983333334
120.0,17,6,26.564119316666666
30.0,16,0,133.61868385
50.0,8,3,44.40211935
50.0,8,6,35.22219485
30.0,19,4,179.91452933333332
50.0,20,6,50.6398883
150.0,17,2,30.427334733333332
150.0,12,6,32.99608191666667
7.2,17,3,222.31729168333334
22.0,12,6,237.79463241666664
60.0,11,4,58.50251996666667
120.0,19,4,31.250114283333335
120.0,12,6,16.047588016666666
7.2,19,3,142.22154351666669
50.0,10,1,47.51409071666667
30.0,8,6,229.20016589999997
50.0,10,1,53.369409499999996
50.0,10,1,45.32858343333333
22.0,19,0,147.53518885
30.0,13,0,204.71013713333332
50.0,11,6,46.549614883333334
11.0,17,1,105.68307191666666
50.0,18,2,31.76053535
50.0,11,1,60.76335433333334
15.0,13,1,92.60663923333333
30.0,17,2,163.4587336666667
50.0,17,1,58.84603765
11.0,16,6,160.81971460000003
50.0,19,3,59.80583453333334
50.0,14,0,42.54828678333333
60.0,19,5,40.39133436666667
50.0,17,2,57.39075585
15.0,20,2,95.52255051666666
22.0,17,2,222.06619928333333
50.0,22,1,49.07318896666666
30.0,13,1,113.29027908333335
50.0,17,2,56.25053628333333
11.0,17,3,101.56772810000001
50.0,20,0,30.4385088
50.0,19,0,58.42609073333333
60.0,10,1,45.77931496666667
50.0,18,2,31.2193507
50.0,9,1,54.09326115
120.0,11,1,33.093446666666665
50.0,18,3,62.55221538333333
7.2,18,5,191.15248073333333
50.0,18,2,54.326909433333334
50.0,18,2,58.34876075
15.0,17,4,91.47168815
50.0,12,5,35.58635615
150.0,9,2,29.167045583333334
15.0,12,3,118.01979741666668
120.0,21,6,17.898990616666666
15.0,9,0,101.95100049999999
50.0,19,4,38.605088333333335
50.0,8,6,35.32813003333333
120.0,19,0,17.587588616666668
22.0,12,0,193.65265016666666
50.0,12,6,30.856469283333336
50.0,20,6,47.38733751666667
50.0,13,4,39.32304588333333
65.0,20,4,45.00872518333333
22.0,18,1,169.33705185
11.0,9,3,94.10291903333334
50.0,11,4,41.36986983333334
30.0,16,0,97.73418711666666
120.0,9,2,23.09083885
7.2,12,1,174.90977751666665
30.0,20,6,234.7421024
11.0,16,3,211.3012233166667
15.0,9,0,127.23353905
7.2,13,2,226.47640085
30.0,23,2,93.94598923333334
7.2,13,0,97.02827336666665
50.0,13,6,45.1739575
50.0,12,6,38.126064416666665
120.0,18,3,16.8337061
7.2,20,4,122.21953409999999
15.0,13,4,109.92753711666666
22.0,9,2,184.58747218333335
50.0,12,3,51.526062833333334
60.0,11,0,43.44715358333334
50.0,15,3,32.755878716666665
30.0,10,6,185.39809525
150.0,12,0,30.63664725
50.0,12,4,32.67730055
7.2,13,4,102.50816733333333
60.0,13,6,56.62657626666667
50.0,8,6,37.10512406666667
30.0,12,5,159.45026744999998
30.0,17,2,110.34388085
30.0,13,4,237.68278516666666
150.0,8,0,30.64834365
11.0,17,2,140.20431541666667
15.0,14,3,105.18396626666666
50.0,9,1,47.20455223333333
120.0,18,3,30.46770455
30.0,12,3,132.02567770000002
50.0,18,4,46.1203822
30.0,20,4,107.99924779999999
30.0,20,3,143.6885709
11.0,12,6,226.97688028333332
22.0,20,1,152.76299394999998
50.0,18,3,61.414167883333334
150.0,17,3,33.15045611666667
60.0,11,0,41.91276633333334
7.2,11,0,117.23745155
60.0,9,4,48.28815873333333
50.0,19,3,42.42062775
60.0,11,6,51.83041863333334
50.0,20,1,35.97131855
22.0,11,6,96.33363728333333
15.0,17,3,144.90387235
150.0,21,4,33.09699273333333
50.0,17,4,59.06388286666667
15.0,15,1,169.71428815
50.0,18,4,63.73998726666667
50.0,16,6,47.98831823333333
30.0,19,3,188.59149218333332
50.0,8,4,33.81969203333333
50.0,9,4,64.76309685
22.0,12,6,187.65284178333334
120.0,20,1,16.100496366666665
60.0,20,0,41.950124699999996
22.0,18,5,198.16514335
50.0,13,3,39.26814878333333
120.0,13,0,22.370912616666665
120.0,20,2,22.7215127
7.2,19,5,200.06457995
50.0,10,6,31.9239444
15.0,10,6,161.60572073333333
50.0,17,0,50.45922816666667
11.0,11,3,103.50877385
50.0,20,0,56.01560308333333
50.0,19,2,48.3958128
30.0,20,6,184.55573885
11.0,17,2,115.3604008
60.0,20,3,31.894171333333336
120.0,13,0,31.454324116666665
60.0,19,4,39.14435441666667
50.0,11,3,52.66063543333333
15.0,12,3,222.45911925000001
150.0,22,5,30.209140116666667
11.0,11,6,187.25152416666666
7.2,20,5,183.35936859999998
50.0,18,3,30.647830083333336
7.2,8,4,174.0532777
50.0,18,6,58.665520066666666
150.0,20,0,30.040912616666667
50.0,22,3,50.35092045
50.0,21,1,39.81663145
150.0,13,6,21.624755450000002
60.0,10,3,51.242332033333334
50.0,12,2,61.077276399999995
30.0,16,1,162.88272573333333
30.0,17,6,228.9686709833333
50.0,19,4,62.62784975
15.0,16,3,236.7116362333333
11.0,18,4,104.18753551666667
150.0,13,4,16.214770033333334
15.0,11,0,225.04778833333333
11.0,16,2,193.13855315
60.0,12,1,57.80818615
150.0,19,1,26.993243966666668
15.0,13,6,221.3241444
30.0,15,6,229.75699625000001
30.0,11,1,102.63498931666666
30.0,18,5,107.36585726666667
7.2,8,2,234.83097924999998
30.0,12,0,229.72375038333334
30.0,18,2,193.36929141666667
60.0,18,3,53.43233548333333
150.0,10,3,16.487522933333334
22.0,11,5,98.02296568333333
120.0,20,0,30.86492816666667
50.0,8,0,34.007153566666666
50.0,15,4,53.342609016666664
120.0,19,1,23.129847299999998
50.0,18,2,44.01223611666667
30.0,12,3,200.34159444999997
50.0,11,0,33.411693066666665
22.0,18,4,233.24916983333333
60.0,11,0,43.55388751666667
50.0,12,2,32.29314576666666
30.0,19,4,124.90691446666666
50.0,13,0,57.63546485
7.2,19,6,215.91628291666666
120.0,12,4,28.685385766666666
11.0,18,5,202.50634399999998
120.0,10,0,22.130712516666666
30.0,21,1,108.9076344
30.0,18,2,206.53539236666666
50.0,13,0,57.594498683333335
11.0,14,0,119.05347336666667
30.0,13,2,239.72707475
60.0,19,2,53.57543486666667
30.0,20,2,228.41202145
50.0,20,6,30.360877183333333
120.0,13,5,18.2438734
120.0,12,3,27.17196005
50.0,17,6,50.972288533333334
50.0,10,0,57.64562133333333
50.0,10,5,38.82585185000001
11.0,12,0,179.44463081666666
65.0,21,3,52.35403406666667
60.0,12,6,50.61795013333334
22.0,13,6,119.26764738333333
50.0,19,4,35.57175466666667
60.0,13,1,62.88854775
11.0,12,4,138.2820216
60.0,8,6,33.35209493333333
22.0,18,5,207.60920995
30.0,13,2,227.20933183333332
60.0,12,0,30.521157133333336
7.2,12,3,196.15243826666668
50.0,17,0,34.92405618333333
22.0,12,0,151.47739561666668
60.0,13,4,49.1410829
50.0,19,5,49.374082433333335
11.0,13,5,227.72620721666667
150.0,8,5,31.468219316666666
22.0,16,1,206.14405476666667
50.0,15,2,35.5063137
50.0,19,6,63.24826601666667
120.0,11,4,29.3061847
30.0,19,1,141.55154236666667
60.0,17,1,35.89480583333333
11.0,9,6,218.67085613333333
50.0,12,2,54.33917446666667
50.0,17,5,62.87989878333334
60.0,19,1,60.2746806
15.0,9,1,106.98652999999999
22.0,10,3,202.50748725
30.0,17,6,118.55792208333334
22.0,18,2,214.33483343333333
22.0,21,1,107.65447506666666
7.2,17,2,108.9610338
11.0,18,0,199.09337758333334
15.0,20,6,228.39062353333333
50.0,9,4,33.56558353333333
50.0,20,3,56.42237033333333
30.0,16,2,201.43005515000002
11.0,19,5,151.58837558333335
50.0,12,0,35.54351521666667
50.0,8,6,42.967405633333335
22.0,12,4,161.46684435
50.0,10,4,63.93347336666667
7.2,9,0,176.89543411666668
50.0,19,6,43.43423526666666
50.0,9,2,47.65194315
150.0,12,2,29.00177216666667
50.0,12,5,44.4277402
50.0,9,2,41.78214228333333
50.0,13,2,46.31497713333333
50.0,14,6,62.93640623333333
30.0,10,5,214.97329706666667
30.0,20,0,145.01910816666665
7.2,12,3,128.8616255
22.0,12,3,107.4730523
50.0,20,2,63.120689999999996
50.0,19,6,30.003513666666667
11.0,11,1,91.35768971666667
50.0,18,0,61.16355226666667
50.0,12,3,58.56922478333333
11.0,22,1,136.29030711666667
15.0,22,2,134.7789774
30.0,19,1,169.94354981666666
60.0,17,2,60.74446155
7.2,13,6,163.53470971666667
50.0,18,0,57.987750766666665
50.0,13,5,33.88469025
30.0,16,2,106.94071269999999
7.2,9,1,178.62584139999998
30.0,18,1,113.52000298333334
11.0,17,4,238.44886284999998
22.0,8,4,215.67082108333335
50.0,9,6,35.04821071666667
60.0,22,6,60.292729533333336
15.0,12,4,218.4310813333333
30.0,12,5,197.1181046
50.0,11,1,35.27118293333333
50.0,21,6,42.55653478333333
50.0,20,1,33.82476653333333
50.0,18,5,58.3057377
50.0,18,3,33.57948388333333
50.0,17,2,55.78365433333333
60.0,12,4,63.21719158333334
30.0,12,1,238.23800244999998
11.0,9,4,120.75200398333332
30.0,19,4,126.97081236666666
50.0,8,3,51.703011116666666
120.0,17,0,18.087224216666666
11.0,8,2,163.03177771666665
22.0,13,2,209.29006898333333
22.0,20,5,177.6992653833333
50.0,12,1,48.529351866666666
60.0,11,2,57.43975806666666
60.0,9,2,38.95185645
50.0,13,6,42.69515358333333
50.0,12,0,31.600980466666666
15.0,18,1,212.5406532
120.0,8,5,22.92898853333333
60.0,17,1,58.515649816666674
50.0,18,6,37.28771635
150.0,11,0,28.372407916666667
50.0,10,2,41.38926863333334
120.0,13,4,26.692045133333334
30.0,18,6,164.5468375
7.2,17,5,225.76126324999998
150.0,21,3,17.2356246
50.0,18,4,56.47816961666667
50.0,20,6,42.392714616666666
150.0,1,4,16.309931533333334
11.0,14,1,237.98042388333334
7.2,17,2,166.86096146666665
50.0,8,4,43.56984406666666
22.0,13,3,197.34653178333335
50.0,13,3,47.11736581666666
50.0,11,4,32.26736233333333
30.0,20,3,158.7960362
120.0,18,5,28.704567216666664
11.0,12,2,227.47662118333335
60.0,19,1,48.58281345
120.0,0,2,17.175102466666665
50.0,13,6,37.57701991666667
50.0,8,4,64.44333436666666
50.0,20,4,46.48910421666667
30.0,15,3,125.21045575
11.0,8,1,222.12804566666668
120.0,11,1,23.10247701666667
50.0,15,2,45.4948758
11.0,11,5,118.79022611666666
30.0,11,0,92.83657708333334
50.0,22,4,35.48678255
120.0,16,2,31.8452435
50.0,22,2,51.267869766666664
50.0,19,5,49.124787983333334
30.0,10,5,109.64006503333333
120.0,19,2,23.636427783333332
30.0,13,0,126.55779378333334
15.0,18,1,177.14850053333333
50.0,18,1,52.291764816666664
50.0,17,0,30.444789916666664
50.0,19,3,46.867286150000005
11.0,18,3,129.93555468333335
7.2,12,3,101.10108953333334
50.0,12,6,55.32295875
60.0,17,3,49.32782888333334
50.0,9,6,43.71605815
50.0,20,1,43.617127733333334
120.0,17,5,25.250974066666668
30.0,14,1,97.71467498333332
150.0,10,2,15.720444683333334
22.0,17,6,174.41974481666665
50.0,12,3,43.417183183333336
11.0,21,0,183.61965336666665
120.0,16,4,30.463427433333333
120.0,14,2,15.26107685
50.0,18,4,46.5179557
60.0,19,6,51.17856761666667
50.0,18,0,36.80885008333333
50.0,17,5,47.40689475
11.0,12,2,190.65323099999998
120.0,19,3,23.2889677
50.0,19,3,47.7801874
50.0,13,1,41.72184285
50.0,19,0,31.166299166666665
15.0,10,6,144.8658769
50.0,13,2,41.54236601666666
50.0,12,1,33.66400285
11.0,20,4,158.14817128333334
50.0,11,6,64.34267489999999
50.0,21,5,59.99820965
22.0,9,6,152.3198355
50.0,18,2,49.11072873333333
150.0,18,6,31.742137516666666
120.0,16,6,17.092022733333334
50.0,11,4,47.7001679
15.0,20,6,178.48950333333332
22.0,13,0,211.90949196666668
60.0,13,4,63.9718295
50.0,8,1,48.16816441666666
60.0,20,1,48.474689266666665
50.0,21,6,64.28554596666667
50.0,17,4,40.64951251666666
30.0,16,4,224.74028230000002
11.0,13,2,233.13285475
50.0,13,5,31.364786666666664
30.0,19,0,187.96251361666666
22.0,10,2,210.45370493333334
30.0,17,1,221.33716696666667
7.2,17,1,209.59471015
50.0,19,0,43.4191568
50.0,11,1,30.413710266666666
22.0,21,5,176.94562243333334
50.0,12,5,37.66864635
150.0,11,1,34.0999483
120.0,17,2,27.107570266666666
22.0,20,1,205.59143615
50.0,17,3,52.322826549999995
50.0,11,4,39.59927733333333
30.0,17,4,206.50062411666667
50.0,20,5,31.430591900000003
60.0,20,4,58.71071736666667
50.0,19,3,53.92637898333333
60.0,13,4,39.17508771666667
22.0,9,6,192.72907118333333
50.0,13,3,56.134273916666665
22.0,19,1,191.61526816666668
50.0,16,2,40.618832350000005
60.0,20,2,32.433528966666664
50.0,22,3,59.00198468333333
150.0,20,6,18.40446078333333
22.0,11,1,197.0338213
11.0,18,0,152.12859214999997
30.0,10,5,170.1442385
50.0,19,5,48.39699243333334
150.0,12,3,19.23795215
120.0,8,5,19.218134083333332
15.0,19,6,221.25115061666665
22.0,12,5,206.85379448333333
22.0,17,2,101.95454043333334
11.0,18,1,192.50850548333335
50.0,18,1,35.8890449
50.0,20,2,57.461079049999995
50.0,18,6,35.33859075
50.0,17,4,61.28421556666667
50.0,9,0,51.06803058333333
15.0,18,2,159.61025741666666
30.0,16,2,100.57803600000001
120.0,17,2,26.561767999999997
150.0,15,1,31.46138635
50.0,13,6,47.20042445
15.0,13,3,135.10879671666666
15.0,18,3,182.9109601
7.2,18,2,238.41612091666667
150.0,20,6,16.015947116666666
150.0,17,2,16.132580516666668
7.2,10,5,160.25361263333335
15.0,15,0,180.00135756666666
50.0,16,0,40.888078033333336
120.0,10,5,18.689768733333334
22.0,8,5,104.01796221666667
150.0,17,1,31.269718683333334
15.0,8,5,164.93673441666667
120.0,20,3,20.739363700000002
15.0,10,4,170.86154311666667
7.2,11,0,143.93471786666666
15.0,14,5,230.84921716666668
50.0,13,1,49.54790526666667
120.0,17,4,26.623168616666664
30.0,11,4,132.73739955
150.0,17,3,16.6345636
11.0,3,2,181.55048861666668
50.0,18,0,55.78425873333333
50.0,16,4,51.43495385000001
11.0,9,4,230.95698773333334
11.0,9,0,124.03226986666667
150.0,20,6,26.18984875
50.0,17,2,50.43432048333333
22.0,13,2,172.57814355
30.0,11,3,200.50623253333333
120.0,18,3,21.32873105
50.0,17,1,36.5254943
50.0,19,6,33.926338449999996
50.0,12,1,34.69650475
50.0,19,6,60.713622533333336
120.0,12,4,17.169758866666665
60.0,20,5,63.697219483333335
22.0,12,5,196.77748861666666
50.0,21,4,47.032166716666666
50.0,19,4,32.22223413333333
50.0,17,0,57.53761613333334
50.0,17,1,48.0906206
22.0,20,3,236.2723778
30.0,9,0,103.25781333333333
11.0,9,2,211.3401208666667
11.0,17,0,218.0965315166667
120.0,17,1,16.394682016666668
120.0,11,1,29.545052766666668
50.0,13,4,40.895855350000005
11.0,11,6,177.91936643333332
120.0,20,5,23.085357199999997
60.0,22,0,60.3113562
11.0,12,6,151.61479443333334
50.0,16,2,41.82531365
50.0,13,6,48.11368086666666
50.0,18,5,31.959509649999998
150.0,17,0,34.495868249999994
60.0,19,1,54.15995058333333
50.0,19,5,33.62927606666667
50.0,13,1,32.72247755
150.0,18,1,28.7822223
50.0,18,5,35.303885433333335
15.0,20,0,105.90584926666666
50.0,18,2,60.305820016666665
50.0,11,2,35.62906005
60.0,14,0,59.00914995
30.0,14,0,196.03228501666666
50.0,5,2,51.06659938333333
50.0,14,4,53.457270799999996
60.0,8,3,42.0229211
50.0,20,0,49.36096045
60.0,15,5,38.18516385
22.0,18,2,98.70718465
30.0,12,1,157.78494383333333
30.0,20,4,99.1981144
50.0,8,4,47.963357800000004
7.2,18,0,236.7955353
60.0,18,5,60.15413563333333
60.0,14,0,41.56143411666667
50.0,19,6,44.66167493333333
50.0,9,4,46.336147483333335
50.0,13,1,39.80524938333333
50.0,12,5,49.29629925
7.2,17,1,228.90905188333332
60.0,18,2,41.15302093333333
11.0,11,3,169.63036128333334
50.0,17,1,48.62001565
15.0,12,6,165.06609786666667
50.0,19,4,54.4491637
60.0,18,5,41.62944383333333
50.0,19,0,33.81033958333333
60.0,8,5,53.26754835
15.0,20,4,149.03127373333334
60.0,18,1,60.73173941666666
7.2,17,0,123.50833845000001
60.0,22,1,54.101657233333334
50.0,12,1,43.98261453333334
50.0,8,5,33.40483046666667
30.0,19,3,135.99124103333332
50.0,9,4,30.426101683333332
60.0,19,6,56.69356355
22.0,17,6,158.86918346666667
120.0,19,6,30.956493149999996
15.0,10,1,192.79844948333331
22.0,12,0,235.12095618333333
120.0,18,6,23.517727566666668
60.0,13,6,46.34953803333334
150.0,19,5,17.5484285
120.0,21,2,26.422143716666668
120.0,11,0,31.406763366666667
50.0,18,2,59.64140405
50.0,9,0,39.71755761666667
11.0,10,6,237.07970626666665
50.0,17,6,54.58223593333333
150.0,12,0,22.834531333333334
50.0,10,4,41.358638150000004
50.0,19,4,34.32199611666667
30.0,13,6,98.84066038333334
11.0,19,3,143.99080715
7.2,9,3,145.20876688333334
60.0,10,2,62.108814966666664
150.0,9,1,17.160817316666666
50.0,11,5,45.46838128333333
50.0,13,2,32.20748668333333
50.0,20,5,48.6977996
50.0,21,0,48.401487350000004
30.0,20,6,225.05374145
150.0,18,0,29.5535335
60.0,18,5,59.54385441666667
15.0,13,5,138.87223196666667
11.0,19,5,112.93204531666667
15.0,14,1,214.10949445
150.0,20,1,25.726218416666665
30.0,20,5,100.80179261666667
50.0,17,4,49.189708949999996
50.0,19,0,32.052378483333335
30.0,12,5,132.20522143333332
30.0,13,3,228.51015855
150.0,18,1,25.070281583333333
50.0,12,3,42.09928696666667
50.0,9,5,30.9891113
50.0,19,1,60.25925376666667
30.0,19,1,122.29409276666667
30.0,11,4,148.91183876666668
60.0,17,4,44.04154161666667
50.0,18,2,50.442760283333335
15.0,19,2,215.84857781666668
60.0,20,1,56.764726466666666
50.0,19,1,36.52797445
50.0,19,5,31.939184383333334
50.0,18,1,32.82832891666666
50.0,19,3,30.152014333333334
150.0,13,0,18.589812533333333
11.0,19,6,210.02036875000002
60.0,21,0,35.4642846
30.0,18,5,206.58505465000002
50.0,14,2,51.88737808333334
60.0,12,5,36.65127548333333
15.0,16,1,178.44277300000002
60.0,8,3,47.71361951666667
50.0,22,6,34.389562
7.2,13,4,211.82105583333333
50.0,17,5,44.66180288333333
60.0,19,0,56.86412168333333
15.0,16,1,214.92799781666665
60.0,22,0,32.21179398333333
50.0,11,4,40.485002466666664
22.0,17,6,119.86922718333334
11.0,13,4,96.26455088333334
50.0,12,4,54.924640849999996
11.0,18,5,136.40071591666666
50.0,13,3,55.45808771666667
150.0,18,4,16.671431566666666
50.0,10,5,49.982762650000005
50.0,22,5,44.15208436666667
120.0,20,4,24.339895266666666
50.0,10,1,48.17703661666667
15.0,13,0,125.04565885000001
50.0,0,5,56.972678433333336
30.0,19,5,219.81271968333334
150.0,12,1,25.129421966666666
15.0,10,2,231.23366113333336
30.0,21,3,155.37633588333335
150.0,11,1,17.574905683333334
50.0,10,4,34.858826066666666
50.0,18,4,32.45739386666666
50.0,11,4,31.800442583333332
50.0,22,6,40.12489685
50.0,8,6,41.781252783333336
50.0,10,0,51.535960749999994
60.0,19,2,47.38991473333333
7.2,18,6,116.5244955
30.0,15,6,138.61241944999998
120.0,21,6,19.6781509
7.2,18,3,123.25046528333334
60.0,22,2,53.31583515
150.0,22,4,18.843544383333334
50.0,9,6,60.809517783333334
50.0,22,5,55.194971200000005
22.0,12,5,214.20002268333334
150.0,10,3,25.647389116666666
7.2,12,1,209.13160735000002
50.0,18,5,40.941519533333334
11.0,19,1,130.71917898333334
65.0,12,6,53.51229443333333
120.0,12,5,27.3239294
50.0,11,1,41.27168068333334
50.0,12,3,49.0661845
50.0,13,3,56.100020566666664
60.0,21,6,34.34737871666667
15.0,10,2,111.97414078333333
50.0,20,4,54.29849913333333
50.0,12,6,36.05476931666667
50.0,14,0,41.61838943333333
50.0,20,6,55.766801099999995
11.0,17,2,183.0545423833333
50.0,8,0,47.95411086666666
60.0,9,5,54.722498316666666
50.0,17,0,52.2605883
150.0,20,2,17.25500115
50.0,20,5,55.65640345
60.0,19,6,51.12485408333334
60.0,17,5,60.48835666666666
30.0,20,3,145.5327423
30.0,19,0,107.83650551666666
60.0,13,3,59.508106399999996
7.2,13,4,110.90587401666667
50.0,13,6,44.62523436666667
50.0,11,3,58.30985488333333
50.0,13,5,62.42388705
50.0,17,0,50.503609833333336
50.0,18,4,47.58743904999999
7.2,9,2,197.61892876666667
50.0,11,3,35.63272838333333
50.0,18,4,48.110231033333335
120.0,12,1,21.0800931
120.0,20,6,29.084960533333334
50.0,8,5,36.67450805
50.0,12,5,42.68793808333333
30.0,11,6,169.92883231666667
7.2,11,0,154.04262361666667
60.0,13,2,37.49184553333334
15.0,15,5,108.56173041666666
50.0,12,0,64.56775203333333
150.0,20,2,22.8472458
120.0,20,3,16.96176195
50.0,20,2,63.86589895
50.0,13,4,48.42657331666667
22.0,18,3,225.34318743333333
30.0,9,0,189.88514915
7.2,20,0,149.46337938333332
150.0,11,3,22.8140102
50.0,12,3,44.73349481666666
11.0,19,1,232.5154888
30.0,18,6,199.88875850000002
50.0,19,0,33.36646953333334
50.0,17,4,64.25175285
60.0,11,6,48.00552341666666
150.0,20,3,26.68813975
50.0,18,5,30.51965645
50.0,18,4,50.423942483333335
7.2,10,3,186.34283288333333
50.0,12,1,53.29145273333334
60.0,11,5,42.837645916666666
30.0,13,0,100.16519435000001
30.0,20,5,216.1433092833333
65.0,17,5,60.21290701666667
15.0,10,4,128.54216308333332
120.0,13,4,20.099197150000002
30.0,9,5,237.55677686666667
150.0,17,5,34.137588
22.0,14,6,218.89650801666667
60.0,13,1,48.95383625
60.0,20,6,59.74869268333334
15.0,12,5,185.94820763333334
50.0,10,4,62.416106633333335
60.0,19,5,37.887350366666666
30.0,19,2,151.53450014999999
50.0,14,0,37.86090623333334
11.0,12,6,113.12843778333333
150.0,20,3,23.236152016666665
50.0,13,1,53.280490099999994
30.0,18,1,135.99621378333333
50.0,13,0,52.62559398333334
30.0,15,5,111.63672956666666
15.0,18,2,220.5146837
50.0,13,1,48.840551649999995
50.0,12,2,61.80959541666667
50.0,20,1,45.49675118333334
7.2,19,5,226.01356303333333
60.0,20,2,50.885503
11.0,10,0,210.8625645333333
50.0,18,5,38.11819245
50.0,19,0,30.45116438333333
30.0,17,6,90.70457316666666
50.0,19,1,46.7484789
50.0,12,0,60.01227791666667
15.0,19,5,216.56861715
7.2,11,0,238.33899091666666
60.0,18,5,49.94284015
30.0,12,0,212.85805413333335
30.0,19,6,219.2184995833333
15.0,19,5,205.94454668333336
50.0,14,0,41.063143933333336
50.0,9,1,32.01362676666667
65.0,9,6,48.14121316666667
60.0,12,4,52.707057250000005
50.0,19,3,41.44844933333333
120.0,9,0,32.742645483333334
50.0,18,3,54.24843393333333
22.0,19,5,156.53924468333335
120.0,17,6,34.83884801666667
7.2,19,0,145.18295045000002
150.0,20,3,24.80322871666667
7.2,14,0,227.86586118333335
50.0,18,4,44.9507374
120.0,16,5,22.890083466666667
120.0,10,6,29.744798600000003
50.0,8,0,63.79537193333333
15.0,20,5,162.80580498333333
50.0,14,6,60.499078133333335
50.0,19,3,58.117443316666666
11.0,18,0,131.1642073
50.0,11,4,31.566005299999997
50.0,13,4,60.61640331666667
120.0,20,5,21.0748184
50.0,17,4,52.1227742
120.0,19,0,33.54613746666667
60.0,17,1,51.174162349999996
50.0,9,1,30.58614833333333
7.2,13,2,122.47806466666665
50.0,17,1,54.86117855
120.0,19,1,17.287077633333336
60.0,13,6,53.268078700000004
50.0,20,6,38.6225111
7.2,21,4,112.19853475
150.0,17,0,23.71820605
50.0,18,0,52.457325149999996
15.0,17,5,119.27370913333333
7.2,17,2,151.4916773
50.0,12,1,39.296161233333336
50.0,19,6,57.98742613333333
50.0,11,2,46.27426321666667
150.0,18,1,26.403495383333333
11.0,12,0,128.29219278333332
50.0,13,6,36.9344723
30.0,20,0,129.31902
22.0,10,2,208.18360103333333
22.0,9,3,149.41466073333333
50.0,12,5,34.69130003333333
120.0,8,3,32.9888384
120.0,18,4,30.471303433333333
7.2,11,1,173.87055875
120.0,18,3,28.411018766666665
50.0,12,4,52.22791088333334
7.2,15,5,205.01808088333334
22.0,11,3,208.55078813333333
60.0,12,1,59.45371555
50.0,17,5,41.15198851666666
50.0,10,6,60.3100699
30.0,8,0,175.16914083333333
50.0,10,2,34.61578956666666
50.0,11,6,53.97321501666667
120.0,14,6,31.702290716666667
7.2,13,4,140.92449864999998
50.0,10,5,64.15164488333333
50.0,17,4,49.9345377
15.0,10,4,138.22391165
30.0,11,0,116.42819996666667
50.0,8,1,59.00534638333333
30.0,21,5,231.7961867
30.0,20,4,140.89544723333333
30.0,17,0,212.56611156666668
50.0,18,0,63.04053776666667
50.0,13,1,63.00977456666667
50.0,10,0,63.85694911666667
30.0,20,0,119.05460708333334
15.0,14,6,194.81150340000002
60.0,17,1,57.697125199999995
50.0,12,4,53.18646355
50.0,20,6,40.06680531666667
120.0,16,1,32.79893695
150.0,8,5,23.333516866666667
120.0,11,0,26.536594733333335
150.0,10,1,20.43822855
50.0,20,2,60.7254034
50.0,8,4,40.75483453333333
50.0,18,0,48.4247104
50.0,19,1,33.06015026666667
7.2,19,5,109.91990080000001
7.2,11,4,186.49531343333334
50.0,12,4,55.799351566666665
60.0,19,1,64.99892626666666
30.0,13,5,127.73976255
50.0,18,3,33.478700133333334
50.0,9,1,37.10566586666666
7.2,9,0,235.27623033333333
30.0,12,1,134.00573091666666
150.0,22,1,30.82465031666667
22.0,11,2,174.4039222
11.0,19,1,236.53270853333333
50.0,17,6,63.0613552
50.0,9,0,36.77166703333333
50.0,20,1,38.35101965
22.0,8,3,185.13782733333335
22.0,20,5,210.00710861666667
11.0,19,4,126.49036743333333
50.0,20,0,35.718480050000004
50.0,19,3,55.83527945
50.0,13,0,61.75055485
60.0,12,2,32.91753606666666
30.0,18,5,139.87775671666668
30.0,20,4,129.35578715
15.0,19,0,169.81575736666667
150.0,10,6,23.512775350000002
60.0,12,2,61.98709986666667
30.0,22,1,192.11015453333331
7.2,17,2,123.81513801666667
30.0,13,1,216.46309555000002
60.0,14,1,38.670039233333334
22.0,9,1,222.18961243333334
30.0,11,2,159.32327685
50.0,18,6,42.69521116666667
50.0,17,6,50.26243556666667
60.0,19,4,39.61148555
7.2,10,0,197.35952946666666
50.0,17,0,47.448735416666665
60.0,13,4,59.453564566666664
120.0,10,4,16.96085495
50.0,19,5,49.46944833333334
50.0,18,1,45.565818916666665
7.2,12,4,149.42611685
120.0,17,6,21.63281473333333
11.0,6,0,217.3729404
120.0,19,4,20.47958768333333
50.0,13,4,45.78061895
30.0,16,3,119.74380541666666
11.0,19,0,139.66745013333332
22.0,17,3,169.96663258333334
22.0,19,3,107.24901748333333
50.0,12,0,64.82924246666667
30.0,20,2,146.79143746666665
50.0,12,2,61.97992246666667
50.0,17,2,36.481355799999996
50.0,17,0,55.670923
11.0,20,6,126.08978038333333
50.0,20,1,61.8854476
7.2,10,4,173.47446243333334
60.0,18,6,45.7406225
7.2,16,3,111.7889146
22.0,14,3,102.74903136666667
50.0,11,2,60.812068849999996
50.0,20,1,51.300063466666664
50.0,9,3,57.7087381
60.0,12,6,47.65390693333333
60.0,13,0,35.56853566666667
60.0,12,1,61.159972599999996
120.0,19,4,25.134860933333336
60.0,19,1,42.15224138333333
120.0,8,0,22.667682116666665
30.0,18,2,175.1542599
60.0,11,6,53.592198233333335
11.0,8,5,138.08838210000002
15.0,11,2,130.36027755
50.0,17,0,33.57139545
50.0,9,0,54.11360916666667
50.0,8,4,34.59900736666667
50.0,19,1,55.1236189
11.0,16,5,91.5188606
50.0,12,4,53.81795268333334
30.0,20,5,94.10895425
50.0,17,0,63.43925733333333
120.0,21,4,17.164229483333333
150.0,12,3,28.80520143333333
7.2,21,1,101.3385985
30.0,18,2,155.65568846666665
22.0,12,5,173.02902046666668
150.0,23,5,31.417102133333334
50.0,17,0,54.4072337
11.0,11,5,171.33438801666668
120.0,17,6,27.376133566666667
50.0,13,2,56.73530856666666
50.0,16,6,42.82623086666667
60.0,20,1,53.4810038
11.0,17,4,228.51144375
30.0,8,1,210.43705676666664
50.0,20,6,39.776056133333334
30.0,12,1,175.0132300666667
120.0,17,0,16.114595266666665
120.0,12,1,31.574700033333333
50.0,18,3,61.01295051666667
60.0,22,1,63.789030000000004
50.0,17,0,34.0151379
7.2,12,1,167.51445125
50.0,22,2,44.12713135
15.0,12,0,226.16978493333332
7.2,13,6,147.851174
50.0,18,1,41.21197266666666
11.0,22,2,198.54972358333333
50.0,12,6,39.794032466666664
30.0,11,6,151.63295058333333
30.0,13,5,103.50903308333334
150.0,19,5,26.9014013
50.0,19,3,46.44495821666667
30.0,10,0,191.15175666666667
60.0,12,6,46.57372873333334
30.0,14,2,215.98526984999998
60.0,8,1,62.28085535
7.2,14,6,201.19449583333332
7.2,21,3,185.5314529
50.0,19,3,49.06996185
15.0,17,1,90.06602463333334
50.0,18,4,47.249730050000004
50.0,13,5,42.811508466666666
22.0,17,4,96.41424313333333
50.0,20,1,49.19510768333334
30.0,21,2,196.32979483333332
60.0,10,1,48.211785666666664
50.0,20,1,36.29269098333334
30.0,12,3,118.4329706
7.2,17,2,167.5423885
50.0,14,0,33.95161543333333
50.0,10,0,59.46905241666666
50.0,16,3,45.58242728333333
50.0,10,2,59.3150347
15.0,10,5,168.34107275
50.0,12,6,30.412162616666667
30.0,13,5,94.26400148333333
50.0,19,2,55.05153563333333
120.0,9,5,27.701554383333335
30.0,19,3,227.09278015
50.0,11,4,33.32866835
50.0,10,0,31.381940516666667
50.0,20,0,53.78379265
50.0,19,0,56.172845550000005
50.0,19,1,46.62167736666667
30.0,13,4,126.5265145
15.0,20,3,100.90512043333334
50.0,12,3,34.72833995
50.0,18,2,34.017869616666665
50.0,11,2,33.34203423333334
50.0,12,2,56.971679900000005
50.0,15,1,30.839687283333333
50.0,9,5,51.96208033333333
50.0,12,2,31.1438417
30.0,20,5,173.4357986
22.0,12,6,130.26446096666666
150.0,13,6,28.389817433333334
50.0,18,6,50.8837523
11.0,20,1,142.82807311666664
7.2,14,4,167.5315683
15.0,14,5,165.58494273333332
50.0,18,1,61.67367011666667
50.0,12,2,62.5173675
30.0,18,1,168.88223716666667
50.0,13,0,32.4054055
60.0,12,0,60.929875749999994
50.0,19,4,30.896050066666664
50.0,22,1,41.103186433333335
22.0,18,2,144.85937383333334
50.0,20,1,37.61650905
150.0,19,3,18.256562166666665
50.0,14,4,36.72802111666667
50.0,10,0,41.13597885
22.0,19,3,187.02784206666666
50.0,19,4,39.820339249999996
30.0,11,1,90.45630698333333
50.0,14,2,57.9576009
50.0,12,5,56.50711128333333
50.0,10,1,47.04241066666667
50.0,15,0,32.9241332
120.0,20,5,27.057857016666667
60.0,18,4,30.917451000000003
50.0,18,3,36.421736083333336
60.0,19,2,52.26231946666667
120.0,18,4,24.675268383333332
50.0,18,4,57.304798516666665
50.0,18,5,40.30822083333333
150.0,9,4,32.5440537
30.0,12,4,205.7840511166667
150.0,13,0,23.5776323
50.0,11,4,39.0056375
30.0,20,3,91.22930781666668
50.0,10,5,30.150038533333333
30.0,20,6,210.14232698333333
150.0,18,2,26.12679945
50.0,17,1,59.32486608333333
50.0,19,3,43.3538726
30.0,10,6,154.19936005
150.0,9,2,16.112486516666667
50.0,11,0,46.16910283333333
50.0,13,0,59.22640033333333
60.0,17,2,56.26541673333334
50.0,19,5,30.064858983333334
150.0,18,0,32.514712349999996
7.2,18,3,200.56496371666665
50.0,22,3,52.572233716666666
60.0,13,0,52.10167385
30.0,9,0,181.80001755
11.0,18,6,205.33784518333331
50.0,21,3,45.80223635
120.0,10,5,19.56856498333333
11.0,18,0,113.01150583333333
11.0,11,5,151.97825895
50.0,22,3,48.4644505
60.0,12,5,55.9930376
50.0,13,1,33.71696215
11.0,18,6,232.35001748333335
60.0,10,6,55.428341816666666
60.0,13,5,60.75008961666666
30.0,17,0,193.27733263333332
50.0,16,2,38.915454233333335
50.0,21,6,58.38865473333333
50.0,12,0,53.61494041666666
30.0,17,1,211.7343032166667
7.2,17,1,141.20490621666667
22.0,14,6,147.42116385
15.0,17,0,167.18480915
11.0,17,5,210.9462456
22.0,19,2,176.18630978333334
50.0,16,6,48.27083475
50.0,18,4,42.02827933333333
15.0,12,4,216.77599383333333
50.0,19,3,55.87018773333333
7.2,16,2,194.15023278333334
30.0,9,5,166.04965293333333
11.0,19,6,161.73494678333333
50.0,19,5,37.0607481
22.0,20,3,98.45638101666667
11.0,13,0,218.17082308333332
50.0,11,5,54.78611418333333
50.0,17,1,30.392808749999997
50.0,11,1,41.34975051666667
50.0,9,4,43.47856396666667
22.0,19,1,183.84913803333333
120.0,10,0,30.4492353
15.0,19,5,150.42441055
30.0,10,6,160.43961033333332
7.2,14,6,166.31122111666667
50.0,19,2,63.99494795
50.0,18,2,44.355486649999996
150.0,19,3,16.538969633333334
11.0,13,4,143.0027092
50.0,9,6,49.148662316666666
30.0,20,4,201.29651161666666
120.0,17,2,25.048648533333335
50.0,11,0,54.18629803333333
60.0,17,4,60.91717285
50.0,19,1,41.52680243333334
22.0,19,4,186.73367131666666
50.0,18,6,56.54597675
22.0,15,3,108.91197201666667
15.0,10,6,158.80076671666666
30.0,8,0,239.3211208
15.0,9,0,196.8716026333333
50.0,12,3,32.63661046666667
30.0,13,0,149.9490143
30.0,12,4,164.02813668333334
150.0,19,1,22.57535143333333
50.0,19,1,37.45657383333333
150.0,18,2,16.344055333333333
30.0,9,5,161.33451133333335
50.0,18,4,31.474896233333332
50.0,10,6,50.666065933333336
50.0,16,5,50.98536488333333
60.0,10,3,49.56393955
7.2,13,2,149.17908085
50.0,14,2,40.544226200000004
120.0,12,3,19.7167088
60.0,11,6,59.584580433333336
60.0,20,4,53.62359706666667
7.2,21,2,96.53490328333334
50.0,21,5,62.976199916666666
50.0,12,4,35.34556845
50.0,12,4,50.93835535
30.0,11,4,155.89695609999998
50.0,12,0,40.760425266666665
22.0,11,2,148.71370676666666
15.0,18,5,165.74405115
50.0,11,6,32.94899778333333
7.2,20,5,183.16459795
11.0,13,6,160.04747846666666
60.0,17,6,35.60936303333334
30.0,18,4,130.75434658333333
50.0,12,1,32.88441183333334
60.0,13,1,51.90027721666667
120.0,18,3,20.446999983333335
50.0,22,1,48.21042176666666
50.0,19,4,31.183483550000002
50.0,21,2,56.13308286666667
60.0,17,3,58.5732138
7.2,19,3,177.29058873333332
150.0,19,4,33.604502600000004
60.0,12,3,60.019628600000004
50.0,14,3,47.663337250000005
11.0,12,5,148.48109533333334
50.0,20,6,51.2677672
60.0,11,6,44.46485488333334
60.0,20,2,41.635774950000005
30.0,11,6,112.18858753333333
22.0,21,0,148.90938553333334
50.0,18,4,56.84476613333333
60.0,18,0,64.55800845
50.0,13,0,35.24750436666667
50.0,13,1,32.462277066666665
11.0,12,5,94.07247815000001
50.0,18,4,62.046763283333334
7.2,12,3,131.81801471666665
60.0,20,6,31.604065316666667
120.0,20,5,20.3068462
120.0,12,4,31.298842850000003
50.0,19,6,35.53025275
60.0,19,2,32.975034183333335
11.0,18,3,159.72202235
120.0,21,2,20.297810266666666
30.0,9,5,224.35147046666668
7.2,13,4,118.98603988333333
50.0,20,1,34.25161633333333
60.0,10,2,46.60603604999999
50.0,21,0,32.58217686666667
50.0,13,4,55.36639505
30.0,21,2,228.76964238333332
50.0,12,4,62.18044713333334
50.0,10,5,39.29693888333334
50.0,18,4,36.88620113333333
30.0,14,6,135.17809268333335
50.0,17,2,49.193322683333335
60.0,19,4,47.67975743333333
60.0,13,4,37.31078316666667
30.0,11,1,128.50920151666665
50.0,15,0,58.328183833333334
120.0,15,1,30.905364966666664
50.0,15,1,38.80357126666667
22.0,17,5,140.91623829999997
30.0,18,3,202.96332558333333
15.0,18,4,196.30416681666665
22.0,11,4,201.7599670666667
30.0,8,4,105.29288723333335
50.0,13,3,36.98282758333333
15.0,19,3,108.15509793333334
22.0,17,4,95.1062972
30.0,20,0,181.64879676666666
11.0,20,4,169.90616906666668
11.0,18,0,141.23121753333334
30.0,8,2,215.76009146666667
50.0,17,1,47.83914026666666
50.0,15,0,59.117485783333336
7.2,12,1,213.5487191
50.0,15,1,37.2123249
60.0,12,3,60.67453823333334
50.0,18,0,32.23382535
15.0,12,4,217.2125383833333
50.0,20,1,49.73667321666667
22.0,12,0,204.42915626666667
30.0,18,4,149.2944124
50.0,17,2,33.520047633333334
11.0,18,6,132.50062773333335
7.2,22,4,101.36225521666667
50.0,17,4,40.94398671666667
50.0,21,3,34.63450701666667
150.0,14,3,21.903300316666666
22.0,17,4,94.3319457
15.0,9,1,197.60939451666667
11.0,13,4,167.08676930000001
120.0,12,3,28.928851466666668
30.0,17,2,193.45040651666667
50.0,17,4,50.40808166666667
50.0,13,2,54.47099146666667
22.0,17,1,173.9566308
50.0,19,0,59.188934233333335
150.0,9,0,23.715485433333335
60.0,19,0,64.5787474
120.0,16,0,23.70719001666667
50.0,11,3,38.44829801666666
120.0,17,6,16.86407505
7.2,17,6,185.82470216666667
120.0,21,6,23.994132583333332
7.2,18,4,135.60882215
30.0,19,2,183.37824301666666
15.0,19,6,157.09754133333334
50.0,20,0,60.697305783333334
50.0,13,3,50.84707173333334
50.0,22,5,63.632233516666666
60.0,18,1,42.450997
30.0,12,6,160.75029196666668
7.2,12,3,165.73214198333332
22.0,12,4,175.0362261
50.0,20,1,50.355010549999996
60.0,10,3,61.41731463333333
22.0,6,3,234.91923211666665
50.0,19,6,57.57825195
150.0,11,6,34.039019366666665
50.0,17,1,63.648461649999994
50.0,18,4,34.92419373333333
50.0,13,2,47.52334378333333
7.2,19,1,151.76484133333332
120.0,20,3,32.288855033333334
60.0,18,1,41.894126033333336
50.0,20,1,60.51958835000001
60.0,11,4,49.40089536666667
60.0,19,0,53.30333263333333
22.0,12,0,209.22304733333334
60.0,19,3,53.24174383333333
7.2,20,3,114.21636363333333
60.0,13,6,58.023709866666664
60.0,19,6,35.950949466666664
30.0,8,1,194.5829073666667
30.0,10,2,220.58952185
150.0,8,2,16.103530933333335
15.0,21,3,121.67798276666667
50.0,20,5,51.69676451666667
60.0,17,0,61.023605366666665
60.0,18,6,44.94999981666667
150.0,18,5,29.479139
22.0,18,4,167.20373845
50.0,11,3,37.19268448333333
7.2,9,2,209.65641806666665
50.0,17,4,31.539440366666668
150.0,20,1,16.922460166666667
50.0,11,6,40.1057244
50.0,14,6,49.167133199999995
50.0,20,3,56.27425876666667
60.0,17,1,35.32011811666666
50.0,18,1,64.66332571666666
11.0,17,1,184.946712
50.0,11,1,39.34165203333334
22.0,20,3,90.45571163333334
30.0,11,3,117.41151844999999
30.0,12,6,227.96704386666667
50.0,13,3,61.17191963333333
50.0,11,2,48.861370083333334
50.0,13,0,30.314673533333334
50.0,9,1,31.17729385
30.0,14,6,119.07051378333334
22.0,20,3,100.53397738333334
15.0,20,6,175.85223071666667
120.0,13,5,29.123008033333335
60.0,11,4,52.69461141666667
50.0,19,6,37.83488958333333
11.0,16,1,223.6766872
50.0,20,1,53.16319085
11.0,20,3,217.3643134666667
11.0,17,0,149.79586081666667
11.0,14,5,90.9394051
22.0,12,3,228.76637988333331
50.0,19,5,64.87785836666667
11.0,13,5,184.74618753333334
15.0,14,3,200.14735423333335
11.0,19,2,211.89149170000002
50.0,12,2,52.4339771
22.0,9,3,180.97365971666667
60.0,12,0,48.55784666666667
7.2,17,0,127.21030218333334
50.0,9,3,36.39600208333333
30.0,15,0,207.60098093333332
50.0,10,1,55.99231435
50.0,21,6,34.4402858
50.0,14,3,57.50795336666667
11.0,13,6,167.38448343333332
15.0,9,0,132.998144
60.0,9,1,38.8265041
50.0,18,2,53.46426461666667
7.2,18,5,208.18102156666666
11.0,19,0,166.88489703333335
50.0,19,6,34.065246333333334
50.0,20,6,49.642128400000004
50.0,18,5,42.139690783333336
7.2,20,4,218.68025311666668
120.0,11,0,19.479247716666666
22.0,8,4,220.39840858333335
50.0,20,2,52.17899163333333
60.0,13,2,63.56942828333333
120.0,17,5,32.86807733333333
22.0,19,0,101.45897295
30.0,22,0,215.4353797
50.0,19,6,34.47913818333333
15.0,12,3,123.730734
65.0,22,3,34.07076825
50.0,19,1,48.118758650000004
15.0,10,2,157.80151345000002
50.0,14,0,53.698052966666665
7.2,19,1,128.08625055000002
15.0,10,1,106.56083196666667
60.0,11,1,50.144663466666664
50.0,20,0,42.47058795
11.0,20,6,221.70671835
11.0,13,3,96.03103065
50.0,20,2,42.89399495
50.0,12,4,54.20641516666667
50.0,12,1,58.29622328333333
50.0,21,4,47.003007466666666
15.0,14,0,211.09608793333334
22.0,10,4,115.88789905
50.0,9,3,41.12487915
150.0,19,5,19.138739633333334
120.0,20,2,26.064057333333334
150.0,13,4,24.777384966666666
50.0,13,5,46.74309681666667
50.0,14,6,48.31944908333333
50.0,22,2,33.37377296666667
50.0,11,4,61.09986601666667
50.0,18,5,64.82329493333333
50.0,19,1,47.39229936666666
50.0,19,3,36.79436583333334
50.0,12,0,50.238753849999995
50.0,13,4,35.76092833333333
50.0,14,6,33.632593633333336
50.0,21,5,50.21471056666667
50.0,19,5,43.54515516666667
50.0,10,3,35.55730486666666
11.0,11,2,172.76009535
50.0,19,5,61.737886933333336
50.0,20,1,43.76525813333333
50.0,13,1,50.23716726666667
30.0,20,2,233.65719533333333
22.0,11,1,233.7638202166667
50.0,12,6,40.2949836
120.0,18,2,19.164804616666668
30.0,20,2,176.50329851666666
60.0,13,2,59.228924283333335
11.0,10,3,221.39345001666666
50.0,13,0,31.779420966666667
50.0,13,6,44.901106983333335
7.2,19,6,94.80428926666667
50.0,16,4,60.20683985
7.2,11,4,220.58606336666665
22.0,18,3,203.15585486666666
50.0,13,3,62.92629731666667
50.0,17,6,51.364624516666666
50.0,22,4,46.870616416666664
50.0,13,3,43.092292566666664
22.0,19,6,239.7744177
7.2,11,3,202.06428613333335
60.0,20,5,49.299708949999996
30.0,17,2,149.84607624999998
50.0,20,1,47.3426562
120.0,11,2,16.75389985
50.0,19,5,47.7119228
50.0,16,3,48.99964935
50.0,19,1,49.19971651666666
22.0,11,0,155.8358103
11.0,12,6,110.60007403333334
11.0,8,0,174.22799043333333
120.0,17,6,33.13321175
7.2,18,5,226.0365960166667
50.0,12,2,50.440628583333336
15.0,20,1,114.83009363333333
15.0,21,2,150.72797085
50.0,18,6,51.46459161666667
30.0,11,1,232.89510406666668
50.0,18,5,37.68916551666667
50.0,20,6,48.53344536666667
50.0,18,4,37.26871866666667
150.0,17,6,26.232335716666668
50.0,11,4,52.25435136666667
120.0,13,2,32.36037365
11.0,18,5,116.34466216666667
50.0,18,3,64.91657273333334
30.0,17,3,147.76049705
30.0,16,6,139.9708102666667
30.0,12,2,178.29900148333334
30.0,13,4,120.45604813333333
120.0,13,1,17.9590585
50.0,20,3,54.51332503333333
50.0,11,0,64.54337045
150.0,14,0,32.88208088333333
50.0,13,1,33.512564383333334
7.2,19,6,198.40824023333334
150.0,16,2,26.24183885
7.2,13,6,122.69126001666667
50.0,20,4,37.35137246666667
50.0,12,0,42.23065206666667
50.0,12,1,35.92484163333334
7.2,20,2,185.13288204999998
150.0,19,4,17.06591695
150.0,8,3,21.15796153333333
50.0,17,5,35.53097483333333
50.0,13,1,46.21403973333334
11.0,11,5,94.8428626
120.0,13,4,17.84099966666667
50.0,9,4,63.04934095
7.2,19,0,121.23520104999999
50.0,18,5,62.87734533333333
120.0,19,2,29.201329583333333
50.0,11,5,33.68606488333333
60.0,14,3,33.0712032
50.0,18,6,47.47332721666667
50.0,19,2,32.98347785
22.0,11,2,115.78244595
50.0,21,4,38.81913818333333
50.0,19,2,33.90440745
50.0,16,1,32.3391627
50.0,18,2,64.98740826666666
120.0,21,6,31.673636050000002
50.0,17,4,30.3665724
30.0,18,0,195.39406386666667
50.0,13,0,50.31605326666667
120.0,17,0,19.115142533333334
50.0,16,4,55.649588566666665
50.0,9,6,34.952763733333335
50.0,18,4,34.427950349999996
7.2,10,6,143.7047203333333
60.0,20,4,37.634461783333336
22.0,9,1,122.23009826666666
150.0,19,4,28.945516966666666
120.0,21,6,16.589060033333332
50.0,15,2,61.85202768333333
50.0,12,5,54.39699018333333
30.0,18,3,105.274248
120.0,18,2,27.732903283333332
22.0,17,5,93.6190263
50.0,18,5,45.54775936666667
50.0,17,4,35.38781451666667
60.0,10,1,48.35148653333333
50.0,14,3,55.25695486666667
60.0,19,0,60.91920255
50.0,20,2,37.27216745
30.0,20,4,92.28300623333332
50.0,20,3,37.62735876666667
15.0,10,4,186.1558865
11.0,20,6,99.29773608333333
50.0,13,2,55.140037533333334
22.0,16,0,130.91826193333333
50.0,17,2,62.66876846666666
150.0,20,4,31.509535933333332
15.0,14,0,201.3715007
60.0,12,2,31.5305242
50.0,12,5,31.553062516666667
150.0,11,3,31.390027200000002
60.0,19,1,32.7628087
50.0,18,4,39.19183045
50.0,21,6,48.96780101666666
50.0,14,1,59.0270929
15.0,19,3,149.56316456666667
50.0,8,3,44.54698858333334
15.0,17,2,112.94030276666668
22.0,8,6,131.60397968333334
150.0,8,1,31.897694283333333
50.0,18,4,44.60917705
60.0,17,3,38.83997301666667
7.2,18,3,116.84995176666666
60.0,22,2,32.108735833333334
11.0,13,3,90.29344696666666
30.0,11,2,222.12579513333333
50.0,13,6,36.87191206666667
120.0,13,0,27.6200648
50.0,19,5,33.883103266666666
60.0,12,0,58.289732666666666
50.0,10,5,46.28156386666667
50.0,9,1,36.38289126666667
30.0,19,6,213.79027346666666
60.0,19,6,56.184805950000005
150.0,21,2,28.77564153333333
50.0,20,6,35.68449625
50.0,11,3,30.849763616666667
150.0,13,1,34.97642616666667
50.0,17,6,60.99767611666667
50.0,8,5,47.4430661
50.0,17,6,42.882857316666666
60.0,13,2,60.64211758333333
50.0,19,2,53.74993395
22.0,14,4,101.44197488333333
50.0,12,5,37.79318321666666
60.0,8,3,61.05470425
7.2,9,2,158.05343813333332
150.0,18,5,18.381646266666667
11.0,11,2,110.09511091666667
50.0,8,6,63.991350233333335
150.0,20,5,21.47938325
50.0,20,5,50.39690745
15.0,17,6,184.70172515000002
50.0,19,0,31.695288066666667
11.0,20,0,175.36352838333332
50.0,9,4,63.10888021666666
120.0,19,6,21.75947965
120.0,11,3,30.63603475
120.0,9,2,16.876548483333334
22.0,12,5,165.30428279999998
50.0,22,5,33.1207475
50.0,19,6,49.789704199999996
50.0,19,5,49.866675900000004
120.0,20,0,20.70104501666667
120.0,8,0,34.91552968333333
50.0,12,4,51.06226753333333
50.0,20,3,63.28631021666667
60.0,18,4,53.5691762
50.0,19,3,53.70384285
120.0,9,2,29.118753233333333
15.0,8,3,115.67665328333332
50.0,17,2,59.32937793333333
150.0,13,0,33.07809785
11.0,15,0,115.61444618333333
50.0,8,6,42.571948600000006
50.0,18,4,32.198136733333335
50.0,8,6,53.777867083333334
50.0,21,2,39.151461850000004
30.0,13,4,96.56737248333334
120.0,17,0,33.302902833333334
30.0,13,0,203.11338716666666
150.0,18,2,28.124357766666666
60.0,13,4,40.518903783333336
50.0,5,6,57.458730716666665
150.0,20,3,29.298217483333335
50.0,18,1,31.410259833333335
30.0,12,2,167.25988281666665
50.0,18,3,61.12737571666666
150.0,20,6,16.6398709
150.0,11,3,21.852576966666668
50.0,13,2,60.37414231666666
50.0,8,1,51.074491933333334
50.0,19,0,48.23470846666667
50.0,10,3,46.48243783333333
150.0,20,5,28.804567366666667
50.0,9,5,45.09009218333333
50.0,14,6,53.14532595
120.0,17,4,26.108802366666666
50.0,17,3,44.54233876666667
50.0,18,4,52.49728595
7.2,11,6,152.8570557
120.0,17,3,23.150835283333333
60.0,13,2,59.44168491666667
120.0,18,3,19.702387400000003
30.0,9,2,160.63794431666665
50.0,17,5,34.48177641666667
50.0,13,1,54.53369805
11.0,18,6,217.7268256
50.0,12,0,40.439173849999996
7.2,16,2,146.90129678333332
60.0,12,5,51.107503533333336
150.0,18,1,32.158967966666665
50.0,19,4,45.189676999999996
11.0,11,1,219.30060421666667
150.0,18,2,16.719660716666667
30.0,15,3,115.36447481666667
30.0,17,4,221.18557363333332
150.0,17,3,29.82715646666667
50.0,18,3,40.01749406666667
15.0,19,3,223.41969811666667
22.0,17,5,108.56802668333333
60.0,20,6,35.66859936666666
15.0,21,6,93.53643095000001
22.0,20,2,176.8479928333333
7.2,12,0,230.95607800000002
120.0,14,6,16.539574566666666
50.0,12,6,36.286865633333335
50.0,12,0,41.593061600000006
15.0,12,6,224.76509893333332
50.0,19,0,46.11479285
60.0,19,1,37.43200218333333
30.0,18,5,229.61119291666668
50.0,13,6,33.366246866666664
50.0,19,3,54.620494066666666
30.0,10,1,234.94219351666666
50.0,20,6,59.175912333333336
50.0,12,4,46.170851283333334
7.2,17,1,109.08644468333334
60.0,12,0,45.62930418333334
50.0,12,0,38.02309736666667
50.0,8,1,45.13821956666666
50.0,13,4,56.36794333333333
50.0,10,1,38.27972128333333
50.0,9,0,51.53292143333333
50.0,19,4,53.092833850000005
50.0,19,2,38.066252516666665
50.0,11,1,34.2755085
50.0,12,2,60.61340163333333
15.0,17,1,138.38249284999998
30.0,17,4,208.2127118
30.0,20,5,208.07381825
60.0,17,5,36.018871516666664
22.0,19,1,132.2912639
150.0,9,4,20.184094183333332
60.0,20,5,36.5930526
30.0,17,1,104.18219321666668
22.0,15,1,95.08028583333333
50.0,10,0,44.58429401666667
7.2,10,1,129.27200551666667
50.0,17,3,34.36148481666667
7.2,12,2,230.40095886666668
11.0,8,2,114.52899363333333
30.0,20,4,145.17943963333335
30.0,13,3,200.75835158333334
60.0,13,0,34.789910533333334
30.0,17,5,187.75734075
60.0,6,3,57.939544133333335
7.2,20,1,163.37402641666668
60.0,11,5,55.58611801666667
50.0,20,4,54.176962366666665
30.0,22,0,125.87522843333333
30.0,11,1,126.24728811666667
120.0,13,2,27.095336999999997
7.2,17,5,130.1890405
30.0,12,6,136.33944565
65.0,15,0,32.044819833333335
60.0,17,2,63.436363033333336
120.0,12,6,34.38695358333334
22.0,11,6,212.24886441666666
11.0,17,3,157.16159000000002
22.0,20,3,152.57308766666665
60.0,12,6,64.222509
50.0,10,3,42.7395055
150.0,20,0,33.451890633333335
7.2,12,1,145.64672353333333
11.0,13,3,137.03004011666664
50.0,15,0,52.77399903333333
120.0,8,4,15.159276883333332
50.0,12,6,38.666282433333336
50.0,10,1,59.2163248
60.0,20,4,34.705532983333335
60.0,19,4,37.5780311
11.0,15,6,154.2257324
11.0,13,2,119.5597762
120.0,12,6,25.595875583333335
50.0,12,0,38.35914095
120.0,14,1,27.63734188333333
150.0,13,2,26.708653966666667
15.0,11,0,132.04996235000002
50.0,12,4,40.742538083333336
150.0,19,4,22.4761711
11.0,14,0,168.3880409
22.0,10,2,135.31928576666667
15.0,9,3,193.80616433333336
120.0,19,1,29.206849116666667
50.0,8,3,30.303405966666666
50.0,19,6,47.09727543333334
120.0,19,0,31.019935966666665
7.2,17,1,142.75962443333336
30.0,21,6,135.27664504999998
50.0,20,2,41.89733651666666
50.0,11,3,43.81415526666667
30.0,13,3,208.30699968333332
30.0,11,4,201.75521423333333
30.0,20,4,168.95736193333332
30.0,11,1,91.43127421666667
50.0,17,2,47.196457200000005
15.0,21,2,224.12313598333333
120.0,9,3,27.4481479
50.0,11,5,35.281829949999995
60.0,9,6,50.045364033333335
50.0,16,0,45.68168073333333
30.0,8,2,200.71931553333334
30.0,19,4,206.9715539
30.0,19,6,236.51893426666666
60.0,13,4,50.62080141666667
50.0,12,6,49.940451616666664
120.0,17,0,19.31660521666667
50.0,20,6,60.257469216666664
30.0,8,1,230.0258675
7.2,10,5,133.45740631666666
22.0,13,3,152.10685751666668
15.0,20,5,212.0409092
22.0,8,2,115.25172555
7.2,13,5,140.46325489999998
50.0,11,5,54.33180536666667
50.0,12,1,37.94951755
50.0,12,1,40.77246445
7.2,12,6,196.7536036333333
22.0,15,0,179.65413585
30.0,20,1,135.2064316
30.0,13,6,238.39540530000002
150.0,15,2,33.63944705
30.0,21,1,164.90174466666667
30.0,14,3,181.54754013333334
15.0,19,5,173.37314091666667
150.0,2,5,20.824060616666667
7.2,14,6,235.15241461666668
30.0,14,1,178.66091186666665
22.0,19,4,153.58494748333334
60.0,10,1,56.60895575
30.0,18,4,184.01755938333332
60.0,18,5,45.96534361666667
11.0,21,4,177.65546458333336
120.0,14,4,18.626472133333333
15.0,11,6,224.12811476666667
11.0,20,3,92.50714093333333
7.2,13,3,237.07261613333333
30.0,10,2,168.39208558333334
15.0,17,1,159.96077305
7.2,9,1,173.05156581666668
50.0,18,4,53.49045585
50.0,18,3,60.336764333333335
30.0,11,0,201.24489528333334
50.0,11,6,40.553213283333335
60.0,16,1,31.68738625
22.0,19,2,99.76723868333333
50.0,14,3,36.20732185
50.0,20,0,51.55551878333333
50.0,9,0,39.17484198333333
50.0,20,2,56.445743549999996
120.0,12,1,30.347188533333334
7.2,8,3,122.75459736666667
50.0,12,6,57.701760283333336
50.0,7,0,52.13561181666667
11.0,13,1,199.03701363333332
50.0,18,2,32.77748391666667
15.0,20,2,215.41732403333333
22.0,11,1,118.36333783333333
120.0,18,0,25.095169783333333
7.2,13,4,101.55099765
60.0,14,1,31.6656611
50.0,12,3,40.145912550000006
50.0,17,2,35.64807045
15.0,13,4,156.93076011666665
50.0,13,0,43.59353991666667
50.0,18,3,62.885802399999996
30.0,10,0,196.76195576666666
50.0,17,0,35.522045049999996
60.0,19,2,50.56052511666667
50.0,14,5,55.556100199999996
60.0,15,3,35.041747949999994
150.0,9,5,28.054702000000002
30.0,12,3,129.62709646666667
7.2,11,2,103.73620791666667
60.0,18,3,50.58841976666667
150.0,21,5,32.54100508333333
50.0,17,1,57.43336173333333
11.0,12,0,98.88987876666667
50.0,20,1,50.056348416666665
50.0,13,5,39.41497396666667
60.0,0,1,46.82512761666667
11.0,11,0,190.3312612
15.0,19,5,117.94752315000001
7.2,11,5,199.7951761
50.0,19,3,34.616945683333334
120.0,11,0,27.698971916666668
7.2,18,4,135.82691788333332
50.0,18,5,64.05695905
60.0,20,0,53.26527261666667
7.2,18,0,160.04338245
120.0,22,3,21.288524066666664
30.0,12,1,133.9185626
150.0,14,4,34.35207115
50.0,17,4,34.2897707
7.2,20,3,195.62843345000002
50.0,17,3,47.28045711666667
22.0,19,5,183.19893668333333
22.0,13,3,146.2324989
50.0,12,5,62.166429216666664
30.0,13,5,91.53655743333334
50.0,8,6,35.9225245
15.0,15,1,160.25964876666666
50.0,13,4,61.24999748333333
30.0,17,6,115.63126793333332
15.0,8,1,211.34564293333332
50.0,12,0,50.111248116666665
30.0,20,1,166.24480473333332
60.0,17,2,40.8076441
30.0,19,3,141.09813696666666
50.0,18,0,39.76120295
50.0,16,3,60.920256083333335
15.0,11,5,204.74408581666665
50.0,12,5,35.39466706666666
7.2,11,1,230.13957726666666
11.0,9,0,143.67899785
50.0,17,6,42.47241233333333
50.0,19,2,33.92186721666666
22.0,18,0,149.54225075000002
120.0,17,0,34.18042998333333
50.0,8,2,45.83794113333333
60.0,18,4,30.75504468333333
50.0,11,5,31.4765033
22.0,20,1,184.08965320000001
30.0,12,4,139.21764266666665
7.2,16,5,148.444244
60.0,9,3,40.924219683333334
50.0,20,1,34.37860713333334
50.0,9,2,42.63116813333333
120.0,19,2,31.240268183333335
60.0,11,5,32.017037
50.0,12,5,54.87627293333333
50.0,12,3,63.764575083333334
150.0,20,1,15.27624135
150.0,9,2,33.14856026666667
7.2,20,2,122.19266915
150.0,11,6,26.423146366666668
11.0,13,0,92.44415161666667
60.0,11,5,50.46939305
11.0,20,1,142.19294026666665
22.0,17,6,202.2298147333333
50.0,13,3,61.56037281666667
30.0,20,5,195.25606333333332
7.2,16,2,139.95863665
50.0,11,5,44.182115683333336
150.0,19,3,21.459262383333332
50.0,17,2,32.71367675
50.0,11,2,56.130408816666666
120.0,11,6,32.701048416666666
50.0,16,2,59.509613466666664
30.0,19,3,107.5078301
50.0,10,0,31.56990585
60.0,17,0,43.965563849999995
7.2,11,6,133.55420138333335
60.0,19,4,30.158561966666664
120.0,20,1,17.855254133333336
50.0,15,2,55.143069133333334
22.0,17,0,145.24401306666667
50.0,13,4,36.21108206666667
50.0,18,3,46.59851375
30.0,9,5,228.52271733333333
7.2,17,4,146.34300819999999
50.0,12,1,59.57813528333334
150.0,20,4,24.732119883333333
150.0,20,6,20.794544183333336
30.0,17,1,217.13263813333333
60.0,18,0,59.55858085
11.0,15,3,225.61633205
50.0,12,5,55.18960056666666
11.0,19,3,207.92552005000002
30.0,21,3,177.11600261666666
50.0,17,2,37.2858338
22.0,17,0,210.00224748333332
7.2,16,5,164.6511397
150.0,9,3,19.95181888333333
50.0,17,4,36.190677316666665
11.0,19,6,143.98686056666665
60.0,20,4,51.215415750000005
7.2,11,6,218.4502597
60.0,11,6,46.471265083333336
30.0,12,1,99.06088781666668
15.0,14,5,115.92889133333333
150.0,19,1,19.946945149999998
50.0,9,3,58.09032046666667
22.0,18,2,130.5407924
30.0,18,4,223.37171485
15.0,20,3,196.21027503333335
30.0,20,0,96.17779758333333
60.0,12,3,57.31995798333333
15.0,12,0,140.5075238166667
120.0,21,5,32.7778879
50.0,12,2,31.892552466666665
30.0,13,2,113.03486063333334
7.2,12,3,149.96233064999998
50.0,17,4,52.20783595
22.0,18,1,236.32027646666666
50.0,20,4,30.370195083333332
7.2,12,5,96.32000011666668
11.0,20,1,145.32323471666666
50.0,18,1,61.64749991666667
7.2,9,4,115.98002833333334
50.0,20,1,56.65738731666667
30.0,19,6,222.14648831666668
15.0,19,4,109.03499358333333
50.0,21,6,63.9315378
22.0,17,6,160.92371103333335
60.0,8,3,64.5386034
50.0,15,1,33.85859255
50.0,9,3,35.24989296666667
50.0,0,2,36.531049833333334
50.0,11,3,45.3142887
50.0,13,3,43.963369033333336
50.0,13,5,56.719857866666665
22.0,21,3,105.05953153333333
30.0,8,1,196.95189738333332
120.0,19,5,30.914165383333334
50.0,11,1,31.568231316666665
150.0,17,3,16.160818033333335
15.0,9,3,168.09240853333333
15.0,17,3,200.75696156666666
22.0,16,6,209.20382486666668
50.0,12,4,37.373975083333335
60.0,20,6,63.143288983333335
22.0,11,3,153.74551238333333
22.0,14,5,113.07448998333332
150.0,22,0,16.06610405
30.0,17,4,116.40619546666667
50.0,17,4,63.48247953333334
120.0,13,5,25.22429663333333
22.0,20,6,197.48350576666664
50.0,20,1,63.02936093333334
22.0,14,4,163.73201228333335
50.0,8,2,52.81875168333333
30.0,14,3,116.02089151666668
50.0,16,4,50.15447473333334
50.0,22,3,40.30553870000001
120.0,18,1,20.220109016666665
60.0,21,3,58.354255116666664
50.0,17,1,44.40073391666667
7.2,18,2,172.05480989999998
50.0,12,1,38.86395146666667
22.0,19,3,175.39227388333333
50.0,17,5,51.912191750000005
50.0,20,1,52.525700666666665
60.0,17,5,61.04289096666666
50.0,9,6,42.87116208333334
50.0,14,1,46.806417466666666
60.0,17,2,34.57361
60.0,13,4,38.25304928333333
11.0,14,3,112.84327861666667
50.0,10,3,64.87328128333334
50.0,12,1,59.34358853333333
150.0,19,6,23.96877011666667
50.0,8,6,46.6039542
50.0,18,0,56.16242761666667
30.0,19,6,187.77067243333335
60.0,20,3,53.970880683333334
50.0,20,4,43.43640918333333
150.0,12,5,16.466570333333333
50.0,20,5,51.9880588
50.0,13,1,37.56669528333334
15.0,17,2,232.71434286666667
150.0,20,1,26.912227166666664
50.0,18,5,40.75550365
22.0,17,6,155.31260931666665
50.0,11,4,60.9854387
50.0,17,3,45.65187891666667
50.0,8,5,53.398498499999995
120.0,12,3,21.82546818333333
120.0,17,0,19.74510958333333
30.0,14,6,205.9720023666667
22.0,21,4,91.07518085
22.0,13,4,137.56060870000002
150.0,8,5,19.520421866666666
50.0,17,1,40.43818788333333
60.0,10,0,64.07323196666667
30.0,20,1,212.0495486
30.0,13,0,193.34455326666665
50.0,18,6,39.472080283333334
15.0,12,5,233.11483313333335
50.0,9,6,40.211843550000005
50.0,21,1,50.74275371666667
60.0,17,6,37.897906400000004
60.0,16,5,62.26289418333333
50.0,18,1,54.15166235
50.0,17,6,62.56000041666667
30.0,13,0,140.67384543333336
50.0,19,1,51.207517683333336
50.0,18,0,45.50032838333333
11.0,13,0,194.1566478
50.0,10,1,53.91810413333334
22.0,10,4,204.44908843333332
50.0,17,0,61.84781891666667
50.0,13,5,53.16031563333333
50.0,12,5,56.29760866666666
50.0,20,6,31.45125855
15.0,12,0,93.60794658333333
7.2,11,1,164.30444231666667
50.0,11,5,55.6847602
50.0,18,0,35.68415525
120.0,19,3,34.84372515
50.0,12,0,52.040600483333336
50.0,8,0,35.500761383333334
11.0,18,3,133.00533505
22.0,19,0,184.6503931
120.0,22,2,33.31744215
120.0,15,3,27.333221433333332
50.0,10,1,63.467961216666666
50.0,13,5,37.084740366666665
120.0,10,0,21.6734284
30.0,13,0,163.46058621666668
50.0,18,3,48.219808566666664
120.0,13,3,15.270527016666668
60.0,9,5,64.85981956666667
50.0,12,0,42.691086766666665
11.0,17,3,222.99930358333333
150.0,8,2,17.960981883333332
50.0,12,0,49.28402765
50.0,11,4,60.59306813333333
11.0,16,2,93.12940698333334
11.0,18,6,102.88269406666667
60.0,20,3,36.98818798333333
50.0,18,1,55.5116339
120.0,13,3,33.604188549999996
50.0,12,4,48.7885206
120.0,12,3,32.36245078333334
50.0,20,6,61.236922066666665
11.0,18,5,102.86984149999999
50.0,20,0,59.69946711666667
50.0,9,0,36.952052216666665
50.0,20,5,34.728595899999995
50.0,13,0,31.29345815
50.0,20,2,37.88304793333334
60.0,22,3,45.514327083333335
50.0,11,5,43.14169295
120.0,20,4,33.934642233333335
22.0,12,4,180.57723176666664
50.0,8,1,31.0265128
30.0,16,5,148.24549190000002
120.0,18,6,28.93165725
50.0,17,6,32.21620721666667
50.0,15,3,46.205579533333335
15.0,10,1,192.9465900666667
150.0,13,3,31.96198018333333
120.0,12,5,28.570262616666664
50.0,19,6,61.39445083333333
50.0,10,0,56.9259748
150.0,12,0,21.874827149999998
50.0,10,1,61.6448179
22.0,22,5,182.94331791666667
7.2,9,5,161.64945976666667
22.0,12,4,114.03581741666667
50.0,19,4,45.675344366666664
60.0,13,0,57.78562156666667
7.2,12,0,141.48796038333333
50.0,14,5,53.74553546666667
50.0,17,2,59.75775918333333
15.0,20,5,235.72593096666665
50.0,18,2,51.380434683333334
50.0,19,3,58.51525253333333
11.0,19,4,232.81472551666667
30.0,10,3,231.98895726666666
50.0,9,1,37.52513091666666
50.0,13,3,39.185362133333335
150.0,19,2,21.110192333333334
50.0,9,2,41.027662983333336
30.0,17,2,181.26306821666668
120.0,18,4,33.79302031666666
50.0,13,2,47.41809845
65.0,11,6,33.5751013
50.0,19,3,34.72833513333333
22.0,19,2,109.85101175
50.0,10,2,56.88678746666667
50.0,19,2,30.670628533333335
30.0,21,1,221.73642918333334
150.0,22,6,22.260549583333333
50.0,8,5,34.64225045
120.0,12,6,26.0635373
50.0,11,3,30.06112261666667
15.0,19,3,228.46038423333331
22.0,18,1,127.86687785000001
50.0,17,1,56.195981116666665
50.0,10,4,61.27701186666666
7.2,11,2,129.83246238333334
30.0,13,0,160.4916408
30.0,15,5,188.32895685
30.0,19,0,195.61265868333334
120.0,17,3,16.61055515
7.2,19,5,121.26671308333333
30.0,18,1,174.70552048333332
11.0,17,1,178.02676231666666
60.0,13,4,35.830621083333334
60.0,18,4,36.503063516666664
50.0,18,1,62.01586476666667
50.0,21,5,58.262862983333335
150.0,9,4,24.403761499999998
30.0,17,6,96.12986305
50.0,8,2,37.29447916666666
50.0,13,3,57.30885013333333
120.0,12,1,22.84705243333333
50.0,19,6,38.38730885
11.0,9,0,121.49176338333334
7.2,17,2,103.56402410000001
50.0,11,1,33.10306983333333
150.0,19,5,28.892857333333332
50.0,18,2,40.4248845
22.0,18,6,200.55242825
50.0,17,5,40.59182988333334
60.0,18,5,45.40235823333333
50.0,17,2,31.170878766666664
30.0,10,1,197.68182546666668
7.2,17,2,204.2275804
50.0,10,2,43.78335191666667
7.2,17,1,102.56786948333334
150.0,12,6,30.784318933333335
7.2,17,1,227.7228145
50.0,21,2,55.8731172
150.0,9,4,17.664358683333333
60.0,17,0,53.21315573333333
50.0,17,2,64.59531883333334
30.0,19,0,222.41789056666667
11.0,13,0,113.33137211666667
50.0,20,6,55.8977998
50.0,20,2,31.189506766666668
150.0,17,5,20.280008950000003
60.0,18,5,55.93806781666667
22.0,18,2,195.10615943333332
50.0,13,0,40.90804525
120.0,19,2,15.335847016666666
7.2,10,5,227.77663446666665
50.0,9,0,60.192193350000004
120.0,19,2,22.010581483333333
22.0,20,1,168.31057013333333
50.0,13,6,35.387318083333334
120.0,15,1,15.662404933333333
150.0,21,0,16.9233212
22.0,19,2,129.88580006666666
60.0,21,4,60.61002225
7.2,20,3,223.19034806666664
65.0,19,6,40.353359616666665
60.0,11,3,61.39648211666667
30.0,15,5,165.46375381666667
30.0,17,2,105.6716996
15.0,13,3,224.08710908333333
65.0,19,0,55.316353649999996
50.0,19,0,61.014648533333336
30.0,10,1,183.3465910666667
50.0,8,2,49.6012725
15.0,13,5,199.87423241666664
50.0,12,6,55.587320399999996
11.0,18,5,228.0987873
50.0,18,6,49.47145746666667
50.0,19,6,36.03854981666667
15.0,18,2,181.79134961666665
120.0,13,0,22.522876683333333
15.0,19,6,219.9667725
50.0,20,4,60.86522325
60.0,12,1,37.761753266666666
50.0,11,3,34.008730050000004
60.0,18,1,55.66158063333333
30.0,17,5,100.01676096666667
7.2,13,1,157.595952
11.0,17,3,92.28431916666666
22.0,18,5,186.96169425000002
50.0,13,5,50.35933316666667
11.0,8,6,229.79143025
120.0,20,6,21.467136200000002
120.0,17,2,19.14572845
50.0,8,0,34.17781848333333
50.0,8,1,31.43535355
60.0,16,3,56.01138956666667
50.0,20,4,37.6753311
50.0,17,1,53.6728479
30.0,9,2,210.53654198333334
50.0,18,0,34.05616226666667
7.2,1,3,112.16830060000001
60.0,12,5,58.76575501666667
30.0,10,2,142.35101306666667
7.2,13,2,147.8518445
60.0,10,2,56.3759168
30.0,11,0,123.65598238333334
50.0,20,0,63.66237996666667
50.0,8,4,36.36593981666667
22.0,8,5,95.79473271666667
50.0,12,4,47.25435863333333
50.0,18,4,33.19571835
150.0,19,3,23.559623116666668
30.0,18,6,170.00719805
50.0,11,5,36.96535578333333
50.0,18,1,59.00037141666667
50.0,20,4,64.85196524999999
60.0,13,0,42.30033453333333
120.0,11,4,22.113383683333332
50.0,18,6,47.76690236666666
50.0,20,0,39.80170785
15.0,14,3,208.42631315
50.0,18,2,45.542796583333335
150.0,20,0,16.094426883333334
22.0,17,5,232.93968955
50.0,16,4,45.12679273333333
11.0,17,5,178.44032081666668
150.0,17,1,24.114762483333333
50.0,8,0,40.147669449999995
50.0,19,6,32.57662765
50.0,10,5,51.066313316666665
50.0,15,5,38.41850925000001
50.0,12,3,48.53153148333333
15.0,12,2,231.99950946666667
50.0,12,6,35.82450573333333
7.2,17,2,98.94732973333333
7.2,22,6,92.74992841666668
50.0,13,1,57.765567983333334
30.0,8,0,168.41139991666665
60.0,9,6,59.60194373333333
30.0,20,2,195.92144591666664
11.0,18,5,212.58255968333333
60.0,13,5,43.62872658333333
150.0,9,3,32.757142566666666
50.0,17,1,50.17332751666667
50.0,19,5,36.80963288333333
22.0,19,1,107.71305631666668
50.0,14,5,30.5968171
30.0,13,1,146.91699788333332
150.0,17,0,16.239893733333336
150.0,15,1,23.964941266666663
15.0,19,5,210.90599783333334
22.0,13,4,159.790139
60.0,20,6,61.410600716666664
30.0,9,5,205.21616566666668
22.0,20,5,222.06867161666665
120.0,22,3,22.895197250000002
50.0,19,3,52.948425199999996
50.0,17,2,63.36894531666667
150.0,12,2,29.36878086666667
50.0,8,6,56.890310533333334
65.0,12,6,42.18972436666666
50.0,11,4,43.314326466666664
120.0,13,5,29.77899605
30.0,18,1,100.12161111666666
50.0,8,0,41.209849999999996
60.0,12,1,45.382487833333336
120.0,19,2,21.321760649999998
7.2,11,1,224.77344441666668
11.0,19,4,233.78211955
30.0,10,6,217.1769623666667
50.0,11,6,50.07472003333333
50.0,17,2,59.09738431666666
120.0,12,5,21.94247603333333
120.0,17,0,28.680918966666663
60.0,11,2,44.8480739
150.0,11,0,29.7197411
7.2,18,1,104.49512806666667
30.0,12,5,186.66162864999998
30.0,11,6,217.23401133333334
50.0,10,0,48.081145416666665
60.0,17,6,60.64877813333333
50.0,19,3,35.70761268333333
150.0,9,2,32.20995715
150.0,10,0,29.483845033333335
120.0,13,5,29.834530716666666
50.0,8,4,48.61950943333333
22.0,9,1,189.60548875
50.0,20,4,36.09826061666667
30.0,18,6,184.82719163333334
15.0,20,1,216.91100351666668
50.0,9,2,32.38593111666667
120.0,19,3,15.8022566
50.0,19,5,42.7231066
120.0,14,5,31.8898557
7.2,13,4,203.56874956666667
11.0,19,6,115.80333791666666
11.0,14,2,194.7918349
50.0,20,1,46.301047583333336
30.0,12,4,100.40265293333333
50.0,14,4,43.708274466666666
60.0,14,2,62.63892151666666
11.0,17,1,164.39562576666668
60.0,11,1,49.72932543333333
